baseline,ours_model,sample_id,clip_id,split,head,level,y_true,base_prob_0,base_prob_1,base_y_pred,base_correct,base_true_prob,base_margin,ours_prob_0,ours_prob_1,ours_y_pred,ours_correct,ours_true_prob,ours_margin,head_name,base_wrong_ours_correct,ours_wrong_base_correct,label_disagree,true_prob_gain,margin_gain,showcase_score
pose_guided,hgnet_explicit_region_scalar_mask_gate,gZ_37_s2_2019-04-08T15;45;15+02;00__masked__dist__00177,gZ_37_s2_2019-04-08T15;45;15+02;00__masked__dist__00177,test_masked,talk,clip,0,0.4372986555099487,0.5627013444900513,1,0,0.43729866,0.12540269,0.8965951204299927,0.1034049168229103,0,1,0.8965951,0.7931902,talk,1,0,1,0.45929646,0.6677875,7.586380422115326
pose_guided,hgnet_explicit_region_scalar_mask_gate,gB_10_s1_2019-03-11T15;24;54+01;00__masked__dist__00081,gB_10_s1_2019-03-11T15;24;54+01;00__masked__dist__00081,test_masked,talk,clip,0,0.4726098775863647,0.5273901224136353,1,0,0.47260988,0.054780245,0.8783305287361145,0.1216694414615631,0,1,0.8783305,0.75666106,talk,1,0,1,0.40572065,0.7018808,7.513322114944458
pose_guided,hgnet_explicit_region_scalar_mask_gate,gZ_37_s4_2019-04-03T15;40;42+02;00__masked__dist__00004,gZ_37_s4_2019-04-03T15;40;42+02;00__masked__dist__00004,test_masked,talk,clip,0,0.236521765589714,0.76347815990448,1,0,0.23652177,0.5269564,0.878309965133667,0.1216900199651718,0,1,0.87830997,0.75661993,talk,1,0,1,0.6417882,0.22966355,7.513239920139313
pose_guided,hgnet_explicit_region_scalar_mask_gate,gE_30_s2_2019-03-15T10;43;40+01;00__masked__dist__00074,gE_30_s2_2019-03-15T10;43;40+01;00__masked__dist__00074,test_masked,talk,clip,0,0.2659880816936493,0.7340119481086731,1,0,0.26598808,0.46802387,0.8766796588897705,0.1233203709125518,0,1,0.87667966,0.7533593,talk,1,0,1,0.61069155,0.28533545,7.506718546152115
pose_guided,hgnet_explicit_region_scalar_mask_gate,gZ_37_s4_2019-04-03T15;40;42+02;00__masked__dist__00003,gZ_37_s4_2019-04-03T15;40;42+02;00__masked__dist__00003,test_masked,talk,clip,0,0.2486278116703033,0.7513721585273743,1,0,0.24862781,0.5027443,0.8750977516174316,0.1249022036790847,0,1,0.87509775,0.75019556,talk,1,0,1,0.62646997,0.24745125,7.500391185283661
pose_guided,hgnet_explicit_region_scalar_mask_gate,gZ_37_s4_2019-04-03T15;40;42+02;00__masked__dist__00172,gZ_37_s4_2019-04-03T15;40;42+02;00__masked__dist__00172,test_masked,talk,clip,1,0.7740076780319214,0.2259923219680786,0,0,0.22599232,0.54801536,0.1249822825193405,0.8750177621841431,1,1,0.87501776,0.75003546,talk,1,0,1,0.64902544,0.20202011,7.5000709891319275
pose_guided,hgnet_explicit_region_scalar_mask_gate,gB_10_s2_2019-03-11T15;15;21+01;00__masked__dist__00478,gB_10_s2_2019-03-11T15;15;21+01;00__masked__dist__00478,test_masked,talk,clip,0,0.4616338014602661,0.5383661985397339,1,0,0.4616338,0.0767324,0.8685948252677917,0.1314051449298858,0,1,0.8685948,0.73718965,talk,1,0,1,0.40696102,0.66045725,7.474379301071167
pose_guided,hgnet_explicit_region_scalar_mask_gate,gZ_37_s2_2019-04-08T15;45;15+02;00__masked__dist__00252,gZ_37_s2_2019-04-08T15;45;15+02;00__masked__dist__00252,test_masked,talk,clip,0,0.4677771031856537,0.5322229266166687,1,0,0.4677771,0.06444582,0.8682786226272583,0.1317213475704193,0,1,0.8682786,0.73655725,talk,1,0,1,0.40050152,0.6721114,7.473114430904388
pose_guided,hgnet_explicit_region_scalar_mask_gate,gZ_37_s4_2019-04-03T15;40;42+02;00__masked__dist__00167,gZ_37_s4_2019-04-03T15;40;42+02;00__masked__dist__00167,test_masked,talk,clip,1,0.5812695622444153,0.4187304377555847,0,0,0.41873044,0.16253912,0.1358609348535537,0.8641390800476074,1,1,0.8641391,0.72827816,talk,1,0,1,0.44540864,0.56573904,7.45655632019043
pose_guided,hgnet_explicit_region_scalar_mask_gate,gB_10_s2_2019-03-11T15;15;21+01;00__masked__dist__00229,gB_10_s2_2019-03-11T15;15;21+01;00__masked__dist__00229,test_masked,talk,clip,0,0.3088670969009399,0.6911329030990601,1,0,0.3088671,0.3822658,0.8603841066360474,0.1396158784627914,0,1,0.8603841,0.7207682,talk,1,0,1,0.551517,0.3385024,7.4415364265441895
pose_guided,hgnet_explicit_region_scalar_mask_gate,gZ_33_s2_2019-04-08T09;59;25+02;00__masked__dist__00226,gZ_33_s2_2019-04-08T09;59;25+02;00__masked__dist__00226,test_masked,talk,clip,0,0.4838446378707886,0.5161553621292114,1,0,0.48384464,0.032310724,0.8588401079177856,0.1411599218845367,0,1,0.8588401,0.7176802,talk,1,0,1,0.37499547,0.6853695,7.435360431671143
pose_guided,hgnet_explicit_region_scalar_mask_gate,gZ_36_s2_2019-04-09T10;39;38+02;00__masked__dist__00249,gZ_36_s2_2019-04-09T10;39;38+02;00__masked__dist__00249,test_masked,talk,clip,0,0.4874252080917358,0.5125747919082642,1,0,0.4874252,0.025149584,0.8529208898544312,0.1470791101455688,0,1,0.8529209,0.7058418,talk,1,0,1,0.36549568,0.6806922,7.411683559417725
pose_guided,hgnet_explicit_region_scalar_mask_gate,gZ_37_s4_2019-04-03T15;40;42+02;00__masked__dist__00162,gZ_37_s4_2019-04-03T15;40;42+02;00__masked__dist__00162,test_masked,talk,clip,1,0.8209837675094604,0.1790162026882171,0,0,0.1790162,0.64196754,0.1486908793449401,0.8513091206550598,1,1,0.8513091,0.70261824,talk,1,0,1,0.67229295,0.060650706,7.405236601829529
pose_guided,hgnet_explicit_region_scalar_mask_gate,gZ_37_s4_2019-04-03T15;40;42+02;00__masked__dist__00191,gZ_37_s4_2019-04-03T15;40;42+02;00__masked__dist__00191,test_masked,talk,clip,0,0.3807794153690338,0.6192206144332886,1,0,0.38077942,0.2384412,0.8507706522941589,0.149229347705841,0,1,0.85077065,0.7015413,talk,1,0,1,0.46999124,0.4631001,7.403082579374313
pose_guided,hgnet_explicit_region_scalar_mask_gate,gE_30_s1_2019-03-15T10;58;06+01;00__masked__dist__00000,gE_30_s1_2019-03-15T10;58;06+01;00__masked__dist__00000,test_masked,talk,clip,0,0.0575452446937561,0.9424546957015992,1,0,0.057545245,0.88490945,0.8482036590576172,0.1517963707447052,0,1,0.84820366,0.6964073,talk,1,0,1,0.7906584,-0.18850213,7.3928146958351135
pose_guided,hgnet_explicit_region_scalar_mask_gate,gZ_33_s2_2019-04-08T16;09;44+02;00__masked__dist__00158,gZ_33_s2_2019-04-08T16;09;44+02;00__masked__dist__00158,test_masked,talk,clip,1,0.5924632549285889,0.4075367450714111,0,0,0.40753675,0.18492651,0.1518178433179855,0.848182201385498,1,1,0.8481822,0.69636434,talk,1,0,1,0.44064546,0.51143783,7.392728745937347
pose_guided,hgnet_explicit_region_scalar_mask_gate,gE_30_s2_2019-03-15T10;43;40+01;00__masked__dist__00132,gE_30_s2_2019-03-15T10;43;40+01;00__masked__dist__00132,test_masked,talk,clip,0,0.1249400228261947,0.875059962272644,1,0,0.12494002,0.7501199,0.8410292863845825,0.1589706689119339,0,1,0.8410293,0.68205863,talk,1,0,1,0.71608925,-0.06806129,7.364117205142975
pose_guided,hgnet_explicit_region_scalar_mask_gate,gC_13_s4_2019-03-25T10;02;04+01;00__masked__dist__00233,gC_13_s4_2019-03-25T10;02;04+01;00__masked__dist__00233,test_masked,talk,clip,0,0.4181213974952698,0.5818786025047302,1,0,0.4181214,0.1637572,0.8392718434333801,0.1607281565666198,0,1,0.83927184,0.6785437,talk,1,0,1,0.42115045,0.5147865,7.3570873737335205
pose_guided,hgnet_explicit_region_scalar_mask_gate,gZ_37_s4_2019-04-03T15;40;42+02;00__masked__dist__00059,gZ_37_s4_2019-04-03T15;40;42+02;00__masked__dist__00059,test_masked,talk,clip,1,0.5779078602790833,0.4220921397209167,0,0,0.42209214,0.15581572,0.1706129312515258,0.8293870687484741,1,1,0.82938707,0.65877414,talk,1,0,1,0.40729493,0.5029584,7.3175482749938965
pose_guided,hgnet_explicit_region_scalar_mask_gate,gZ_36_s4_2019-04-03T15;01;29+02;00__masked__dist__00015,gZ_36_s4_2019-04-03T15;01;29+02;00__masked__dist__00015,test_masked,talk,clip,0,0.4611874520778656,0.538812518119812,1,0,0.46118745,0.077625066,0.8277477025985718,0.1722522675991058,0,1,0.8277477,0.6554954,talk,1,0,1,0.36656025,0.57787037,7.310990869998932
pose_guided,hgnet_explicit_region_scalar_mask_gate,gE_30_s3_2019-03-15T10;56;02+01;00__masked__dist__00000,gE_30_s3_2019-03-15T10;56;02+01;00__masked__dist__00000,test_masked,talk,clip,0,0.0042422097176313,0.995757818222046,1,0,0.0042422097,0.99151564,0.8261205554008484,0.1738794147968292,0,1,0.82612056,0.6522411,talk,1,0,1,0.8218784,-0.33927453,7.3044822216033936
pose_guided,hgnet_explicit_region_scalar_mask_gate,gZ_33_s4_2019-04-03T09;22;03+02;00__masked__dist__00185,gZ_33_s4_2019-04-03T09;22;03+02;00__masked__dist__00185,test_masked,talk,clip,0,0.1007501929998397,0.8992498517036438,1,0,0.10075019,0.79849964,0.8252315521240234,0.1747684627771377,0,1,0.82523155,0.6504631,talk,1,0,1,0.72448134,-0.14803654,7.300926148891449
pose_guided,hgnet_explicit_region_scalar_mask_gate,gZ_36_s4_2019-04-03T15;01;29+02;00__masked__dist__00035,gZ_36_s4_2019-04-03T15;01;29+02;00__masked__dist__00035,test_masked,talk,clip,1,0.5165013074874878,0.4834986627101898,0,0,0.48349866,0.033002645,0.1780717074871063,0.8219282627105713,1,1,0.82192826,0.6438565,talk,1,0,1,0.3384296,0.6108539,7.28771311044693
pose_guided,hgnet_explicit_region_scalar_mask_gate,gB_10_s2_2019-03-11T15;15;21+01;00__masked__dist__00479,gB_10_s2_2019-03-11T15;15;21+01;00__masked__dist__00479,test_masked,talk,clip,0,0.2228687703609466,0.7771312594413757,1,0,0.22286877,0.5542625,0.8185086250305176,0.1814914345741272,0,1,0.8185086,0.6370172,talk,1,0,1,0.5956398,0.08275467,7.274034321308136
pose_guided,hgnet_explicit_region_scalar_mask_gate,gC_13_s4_2019-03-25T10;02;04+01;00__masked__dist__00248,gC_13_s4_2019-03-25T10;02;04+01;00__masked__dist__00248,test_masked,talk,clip,0,0.0117030572146177,0.9882969856262208,1,0,0.011703057,0.9765939,0.8062944412231445,0.193705528974533,0,1,0.80629444,0.6125889,talk,1,0,1,0.79459137,-0.36400503,7.225177705287933
pose_guided,hgnet_explicit_region_scalar_mask_gate,gZ_33_s4_2019-04-03T09;22;03+02;00__masked__dist__00160,gZ_33_s4_2019-04-03T09;22;03+02;00__masked__dist__00160,test_masked,talk,clip,0,0.3552678227424621,0.6447321772575378,1,0,0.35526782,0.28946435,0.8039486408233643,0.1960513591766357,0,1,0.80394864,0.6078973,talk,1,0,1,0.44868082,0.31843293,7.215794563293457
pose_guided,hgnet_explicit_region_scalar_mask_gate,gZ_37_s4_2019-04-03T15;40;42+02;00__masked__dist__00359,gZ_37_s4_2019-04-03T15;40;42+02;00__masked__dist__00359,test_masked,talk,clip,0,0.4888297319412231,0.5111703276634216,1,0,0.48882973,0.022340596,0.8016261458396912,0.1983738541603088,0,1,0.80162615,0.6032523,talk,1,0,1,0.3127964,0.5809117,7.20650452375412
pose_guided,hgnet_explicit_region_scalar_mask_gate,gZ_37_s4_2019-04-03T15;40;42+02;00__masked__dist__00291,gZ_37_s4_2019-04-03T15;40;42+02;00__masked__dist__00291,test_masked,talk,clip,0,0.4656955897808075,0.5343044400215149,1,0,0.4656956,0.06860885,0.8008583188056946,0.199141651391983,0,1,0.8008583,0.60171664,talk,1,0,1,0.33516273,0.53310776,7.2034332156181335
pose_guided,hgnet_explicit_region_scalar_mask_gate,gZ_37_s4_2019-04-03T15;40;42+02;00__masked__dist__00089,gZ_37_s4_2019-04-03T15;40;42+02;00__masked__dist__00089,test_masked,talk,clip,0,0.3838642239570617,0.6161357760429382,1,0,0.38386422,0.23227155,0.7969803810119629,0.2030196189880371,0,1,0.7969804,0.59396076,talk,1,0,1,0.41311616,0.3616892,7.187921524047852
pose_guided,hgnet_explicit_region_scalar_mask_gate,gZ_37_s4_2019-04-03T15;40;42+02;00__masked__dist__00166,gZ_37_s4_2019-04-03T15;40;42+02;00__masked__dist__00166,test_masked,talk,clip,1,0.7570956349372864,0.2429043799638748,0,0,0.24290438,0.51419127,0.2044350802898407,0.7955649495124817,1,1,0.79556495,0.5911299,talk,1,0,1,0.5526606,0.07693863,7.182259798049927
pose_guided,hgnet_explicit_region_scalar_mask_gate,gZ_36_s4_2019-04-03T15;01;29+02;00__masked__dist__00144,gZ_36_s4_2019-04-03T15;01;29+02;00__masked__dist__00144,test_masked,talk,clip,1,0.6682671308517456,0.3317328691482544,0,0,0.33173287,0.33653426,0.2090310603380203,0.7909689545631409,1,1,0.79096895,0.5819379,talk,1,0,1,0.4592361,0.24540365,7.1638758182525635
pose_guided,hgnet_explicit_region_scalar_mask_gate,gZ_37_s4_2019-04-03T15;40;42+02;00__masked__dist__00000,gZ_37_s4_2019-04-03T15;40;42+02;00__masked__dist__00000,test_masked,talk,clip,0,0.2640372514724731,0.7359627485275269,1,0,0.26403725,0.4719255,0.7873284816741943,0.212671473622322,0,1,0.7873285,0.574657,talk,1,0,1,0.52329123,0.102731526,7.149313986301422
pose_guided,hgnet_explicit_region_scalar_mask_gate,gZ_37_s4_2019-04-03T15;40;42+02;00__masked__dist__00088,gZ_37_s4_2019-04-03T15;40;42+02;00__masked__dist__00088,test_masked,talk,clip,0,0.1474689841270446,0.8525310754776001,1,0,0.14746898,0.7050621,0.7841559648513794,0.2158440798521042,0,1,0.78415596,0.56831187,talk,1,0,1,0.636687,-0.13675022,7.136623740196228
pose_guided,hgnet_explicit_region_scalar_mask_gate,gZ_37_s4_2019-04-03T15;40;42+02;00__masked__dist__00062,gZ_37_s4_2019-04-03T15;40;42+02;00__masked__dist__00062,test_masked,talk,clip,1,0.8174967765808105,0.1825032234191894,0,0,0.18250322,0.63499355,0.2167459726333618,0.7832540273666382,1,1,0.783254,0.56650805,talk,1,0,1,0.6007508,-0.0684855,7.133016109466553
pose_guided,hgnet_explicit_region_scalar_mask_gate,gA_5_s2_2019-03-08T10;46;46+01;00__masked__dist__00258,gA_5_s2_2019-03-08T10;46;46+01;00__masked__dist__00258,test_masked,talk,clip,0,0.3446893095970154,0.6553107500076294,1,0,0.3446893,0.31062144,0.7774968147277832,0.2225031405687332,0,1,0.7774968,0.5549937,talk,1,0,1,0.4328075,0.24437225,7.109987258911133
pose_guided,hgnet_explicit_region_scalar_mask_gate,gZ_36_s4_2019-04-03T15;01;29+02;00__masked__dist__00047,gZ_36_s4_2019-04-03T15;01;29+02;00__masked__dist__00047,test_masked,talk,clip,0,0.2076247036457061,0.7923752665519714,1,0,0.2076247,0.58475053,0.772553026676178,0.2274469435214996,0,1,0.772553,0.54510605,talk,1,0,1,0.5649283,-0.03964448,7.090212106704712
pose_guided,hgnet_explicit_region_scalar_mask_gate,gZ_33_s4_2019-04-03T09;22;03+02;00__masked__dist__00312,gZ_33_s4_2019-04-03T09;22;03+02;00__masked__dist__00312,test_masked,talk,clip,0,0.493663489818573,0.506336510181427,1,0,0.4936635,0.01267302,0.7721008062362671,0.2278991937637329,0,1,0.7721008,0.5442016,talk,1,0,1,0.27843732,0.5315286,7.088403224945068
pose_guided,hgnet_explicit_region_scalar_mask_gate,gF_25_s1_2019-03-04T15;53;22+01;00__masked__dist__00031,gF_25_s1_2019-03-04T15;53;22+01;00__masked__dist__00031,test_masked,talk,clip,0,0.4800821840763092,0.5199178457260132,1,0,0.48008218,0.03983566,0.7691980600357056,0.2308019399642944,0,1,0.76919806,0.5383961,talk,1,0,1,0.28911588,0.49856046,7.0767922103405
pose_guided,hgnet_explicit_region_scalar_mask_gate,gZ_33_s2_2019-04-08T16;09;44+02;00__masked__dist__00216,gZ_33_s2_2019-04-08T16;09;44+02;00__masked__dist__00216,test_masked,talk,clip,0,0.2597939670085907,0.7402060031890869,1,0,0.25979397,0.48041204,0.7667916417121887,0.2332083582878112,0,1,0.76679164,0.5335833,talk,1,0,1,0.5069977,0.053171247,7.067166656255722
pose_guided,hgnet_explicit_region_scalar_mask_gate,gF_25_s4_2019-03-25T15;15;22+01;00__masked__dist__00006,gF_25_s4_2019-03-25T15;15;22+01;00__masked__dist__00006,test_masked,talk,clip,0,0.4927976131439209,0.5072023868560791,1,0,0.4927976,0.014404774,0.7643063068389893,0.2356937229633331,0,1,0.7643063,0.5286126,talk,1,0,1,0.2715087,0.51420784,7.057225227355957
pose_guided,hgnet_explicit_region_scalar_mask_gate,gF_25_s4_2019-03-25T15;15;22+01;00__masked__dist__00465,gF_25_s4_2019-03-25T15;15;22+01;00__masked__dist__00465,test_masked,talk,clip,0,0.4619572758674621,0.5380427837371826,1,0,0.46195728,0.07608551,0.7638688683509827,0.2361311316490173,0,1,0.76386887,0.52773774,talk,1,0,1,0.3019116,0.45165223,7.055475413799286
pose_guided,hgnet_explicit_region_scalar_mask_gate,gC_13_s2_2019-03-04T10;11;37+01;00__masked__dist__00033,gC_13_s2_2019-03-04T10;11;37+01;00__masked__dist__00033,test_masked,talk,clip,1,0.5241544246673584,0.4758456349372864,0,0,0.47584563,0.04830879,0.2394284009933471,0.7605715990066528,1,1,0.7605716,0.5211432,talk,1,0,1,0.28472596,0.4728344,7.0422863364219666
pose_guided,hgnet_explicit_region_scalar_mask_gate,gZ_36_s3_2019-04-09T10;53;18+02;00__masked__dist__00025,gZ_36_s3_2019-04-09T10;53;18+02;00__masked__dist__00025,test_masked,talk,clip,0,0.3129315078258514,0.687068521976471,1,0,0.3129315,0.374137,0.7589614391326904,0.2410385608673095,0,1,0.75896144,0.5179229,talk,1,0,1,0.44602993,0.14378586,7.035845726728439
pose_guided,hgnet_explicit_region_scalar_mask_gate,gZ_36_s4_2019-04-03T15;01;29+02;00__masked__dist__00397,gZ_36_s4_2019-04-03T15;01;29+02;00__masked__dist__00397,test_masked,talk,clip,0,0.4471698701381683,0.5528301000595093,1,0,0.44716987,0.10566023,0.7577849626541138,0.242215096950531,0,1,0.75778496,0.51556987,talk,1,0,1,0.3106151,0.40990964,7.031139820814133
pose_guided,hgnet_explicit_region_scalar_mask_gate,gZ_37_s2_2019-04-08T15;45;15+02;00__masked__dist__00268,gZ_37_s2_2019-04-08T15;45;15+02;00__masked__dist__00268,test_masked,talk,clip,0,0.3251053094863891,0.6748946905136108,1,0,0.3251053,0.34978938,0.7554384469985962,0.2445616126060485,0,1,0.75543845,0.51087683,talk,1,0,1,0.43033314,0.16108745,7.02175372838974
pose_guided,hgnet_explicit_region_scalar_mask_gate,gZ_36_s4_2019-04-03T15;01;29+02;00__masked__dist__00151,gZ_36_s4_2019-04-03T15;01;29+02;00__masked__dist__00151,test_masked,talk,clip,0,0.300702303647995,0.6992976665496826,1,0,0.3007023,0.39859536,0.7553810477256775,0.2446189373731613,0,1,0.75538105,0.5107621,talk,1,0,1,0.45467874,0.11216673,7.021524220705032
pose_guided,hgnet_explicit_region_scalar_mask_gate,gZ_36_s4_2019-04-03T15;01;29+02;00__masked__dist__00072,gZ_36_s4_2019-04-03T15;01;29+02;00__masked__dist__00072,test_masked,talk,clip,0,0.2625521421432495,0.7374478578567505,1,0,0.26255214,0.47489572,0.7533830404281616,0.2466169744729995,0,1,0.75338304,0.5067661,talk,1,0,1,0.4908309,0.031870365,7.0135321617126465
pose_guided,hgnet_explicit_region_scalar_mask_gate,gE_30_s2_2019-03-15T10;43;40+01;00__masked__dist__00245,gE_30_s2_2019-03-15T10;43;40+01;00__masked__dist__00245,test_masked,talk,clip,1,0.513844907283783,0.4861551225185394,0,0,0.48615512,0.027689785,0.2585294246673584,0.7414705753326416,1,1,0.7414706,0.48294115,talk,1,0,1,0.25531545,0.45525137,6.965882271528244
pose_guided,hgnet_explicit_region_scalar_mask_gate,gA_5_s2_2019-03-08T10;46;46+01;00__masked__dist__00257,gA_5_s2_2019-03-08T10;46;46+01;00__masked__dist__00257,test_masked,talk,clip,0,0.3917142748832702,0.6082857847213745,1,0,0.39171427,0.21657151,0.7387681007385254,0.2612319588661194,0,1,0.7387681,0.47753614,talk,1,0,1,0.34705383,0.26096463,6.955072283744812
pose_guided,hgnet_explicit_region_scalar_mask_gate,gZ_36_s1_2019-04-09T10;55;20+02;00__masked__dist__00099,gZ_36_s1_2019-04-09T10;55;20+02;00__masked__dist__00099,test_masked,talk,clip,0,0.4573462903499603,0.5426536798477173,1,0,0.4573463,0.08530739,0.7367779612541199,0.2632220387458801,0,1,0.73677796,0.47355592,talk,1,0,1,0.27943167,0.38824853,6.947111874818802
pose_guided,hgnet_explicit_region_scalar_mask_gate,gC_13_s2_2019-03-04T10;11;37+01;00__masked__dist__00005,gC_13_s2_2019-03-04T10;11;37+01;00__masked__dist__00005,test_masked,talk,clip,0,0.4430168867111206,0.5569831132888794,1,0,0.4430169,0.11396623,0.7304874658584595,0.2695125639438629,0,1,0.73048747,0.4609749,talk,1,0,1,0.28747058,0.34700868,6.9219498336315155
pose_guided,hgnet_explicit_region_scalar_mask_gate,gZ_37_s4_2019-04-03T15;40;42+02;00__masked__dist__00063,gZ_37_s4_2019-04-03T15;40;42+02;00__masked__dist__00063,test_masked,talk,clip,1,0.912617802619934,0.0873822271823883,0,0,0.08738223,0.8252356,0.2709580063819885,0.7290419340133667,1,1,0.72904193,0.45808393,talk,1,0,1,0.64165974,-0.36715168,6.916167795658112
pose_guided,hgnet_explicit_region_scalar_mask_gate,gZ_33_s1_2019-04-08T10;08;19+02;00__masked__dist__00088,gZ_33_s1_2019-04-08T10;08;19+02;00__masked__dist__00088,test_masked,talk,clip,0,0.1977120637893676,0.8022879362106323,1,0,0.19771206,0.6045759,0.7289676666259766,0.2710323333740234,0,1,0.72896767,0.45793533,talk,1,0,1,0.5312556,-0.14664054,6.915870666503906
pose_guided,hgnet_explicit_region_scalar_mask_gate,gZ_37_s4_2019-04-03T15;40;42+02;00__masked__dist__00353,gZ_37_s4_2019-04-03T15;40;42+02;00__masked__dist__00353,test_masked,talk,clip,0,0.4579809904098511,0.5420190095901489,1,0,0.457981,0.08403802,0.7259007692337036,0.274099200963974,0,1,0.72590077,0.45180157,talk,1,0,1,0.26791978,0.36776355,6.903603106737137
pose_guided,hgnet_explicit_region_scalar_mask_gate,gE_30_s2_2019-03-15T10;43;40+01;00__masked__dist__00123,gE_30_s2_2019-03-15T10;43;40+01;00__masked__dist__00123,test_masked,talk,clip,1,0.5256609320640564,0.4743390679359436,0,0,0.47433907,0.051321864,0.2748200893402099,0.72517991065979,1,1,0.7251799,0.45035982,talk,1,0,1,0.25084084,0.39903796,6.90071964263916
pose_guided,hgnet_explicit_region_scalar_mask_gate,gC_13_s4_2019-03-25T10;02;04+01;00__masked__dist__00234,gC_13_s4_2019-03-25T10;02;04+01;00__masked__dist__00234,test_masked,talk,clip,0,0.1889925003051757,0.8110074996948242,1,0,0.1889925,0.622015,0.7249578237533569,0.2750422060489654,0,1,0.7249578,0.44991562,talk,1,0,1,0.5359653,-0.17209938,6.899831265211105
pose_guided,hgnet_explicit_region_scalar_mask_gate,gB_10_s1_2019-03-11T15;24;54+01;00__masked__dist__00083,gB_10_s1_2019-03-11T15;24;54+01;00__masked__dist__00083,test_masked,talk,clip,0,0.4982374906539917,0.5017625093460083,1,0,0.4982375,0.0035250187,0.7180954217910767,0.2819045782089233,0,1,0.7180954,0.43619084,talk,1,0,1,0.21985793,0.43266582,6.872381687164307
pose_guided,hgnet_explicit_region_scalar_mask_gate,gZ_36_s4_2019-04-03T15;01;29+02;00__masked__dist__00100,gZ_36_s4_2019-04-03T15;01;29+02;00__masked__dist__00100,test_masked,talk,clip,0,0.1604324728250503,0.8395675420761108,1,0,0.16043247,0.6791351,0.7064616680145264,0.2935383319854736,0,1,0.70646167,0.41292334,talk,1,0,1,0.5460292,-0.26621175,6.8258466720581055
pose_guided,hgnet_explicit_region_scalar_mask_gate,gZ_37_s4_2019-04-03T15;40;42+02;00__masked__dist__00210,gZ_37_s4_2019-04-03T15;40;42+02;00__masked__dist__00210,test_masked,talk,clip,0,0.3151715695858001,0.6848284602165222,1,0,0.31517157,0.3696569,0.7032181024551392,0.2967818975448608,0,1,0.7032181,0.4064362,talk,1,0,1,0.38804653,0.036779314,6.812872380018234
pose_guided,hgnet_explicit_region_scalar_mask_gate,gE_30_s2_2019-03-15T10;43;40+01;00__masked__dist__00131,gE_30_s2_2019-03-15T10;43;40+01;00__masked__dist__00131,test_masked,talk,clip,0,0.0895118117332458,0.9104881882667542,1,0,0.08951181,0.8209764,0.7028788328170776,0.2971211671829223,0,1,0.70287883,0.40575767,talk,1,0,1,0.613367,-0.4152187,6.8115153312683105
pose_guided,hgnet_explicit_region_scalar_mask_gate,gZ_33_s2_2019-04-08T16;09;44+02;00__masked__dist__00214,gZ_33_s2_2019-04-08T16;09;44+02;00__masked__dist__00214,test_masked,talk,clip,0,0.16587695479393,0.8341230154037476,1,0,0.16587695,0.66824603,0.6987797617912292,0.3012202382087707,0,1,0.69877976,0.39755952,talk,1,0,1,0.53290284,-0.2706865,6.7951191663742065
pose_guided,hgnet_explicit_region_scalar_mask_gate,gZ_33_s2_2019-04-08T16;09;44+02;00__masked__dist__00215,gZ_33_s2_2019-04-08T16;09;44+02;00__masked__dist__00215,test_masked,talk,clip,0,0.3285543322563171,0.6714456677436829,1,0,0.32855433,0.34289134,0.6965398192405701,0.3034601807594299,0,1,0.6965398,0.39307964,talk,1,0,1,0.3679855,0.050188303,6.78615927696228
pose_guided,hgnet_explicit_region_scalar_mask_gate,gB_10_s1_2019-03-11T15;24;54+01;00__masked__dist__00006,gB_10_s1_2019-03-11T15;24;54+01;00__masked__dist__00006,test_masked,talk,clip,0,0.3902401328086853,0.6097598671913147,1,0,0.39024013,0.21951973,0.6962484121322632,0.3037515878677368,0,1,0.6962484,0.39249682,talk,1,0,1,0.30600828,0.17297709,6.784993648529053
pose_guided,hgnet_explicit_region_scalar_mask_gate,gZ_33_s3_2019-04-04T09;33;20+02;00__masked__dist__00013,gZ_33_s3_2019-04-04T09;33;20+02;00__masked__dist__00013,test_masked,talk,clip,0,0.3677639663219452,0.6322360038757324,1,0,0.36776397,0.26447204,0.6939623355865479,0.3060376346111297,0,1,0.69396234,0.3879247,talk,1,0,1,0.32619837,0.12345266,6.775849401950836
pose_guided,hgnet_explicit_region_scalar_mask_gate,gB_10_s2_2019-03-11T15;15;21+01;00__masked__dist__00376,gB_10_s2_2019-03-11T15;15;21+01;00__masked__dist__00376,test_masked,talk,clip,0,0.4579316973686218,0.5420683026313782,1,0,0.4579317,0.084136605,0.6826117634773254,0.3173882365226745,0,1,0.68261176,0.36522353,talk,1,0,1,0.22468007,0.28108692,6.730447053909302
pose_guided,hgnet_explicit_region_scalar_mask_gate,gE_30_s2_2019-03-15T10;43;40+01;00__masked__dist__00054,gE_30_s2_2019-03-15T10;43;40+01;00__masked__dist__00054,test_masked,talk,clip,0,0.1873485893011093,0.8126513957977295,1,0,0.18734859,0.6253028,0.6816120147705078,0.3183879852294922,0,1,0.681612,0.36322403,talk,1,0,1,0.4942634,-0.26207876,6.726448059082031
pose_guided,hgnet_explicit_region_scalar_mask_gate,gZ_33_s4_2019-04-03T09;22;03+02;00__masked__dist__00106,gZ_33_s4_2019-04-03T09;22;03+02;00__masked__dist__00106,test_masked,talk,clip,0,0.4799645841121673,0.5200353860855103,1,0,0.47996458,0.040070802,0.680360734462738,0.3196392655372619,0,1,0.68036073,0.36072147,talk,1,0,1,0.20039615,0.32065067,6.7214429676532745
pose_guided,hgnet_explicit_region_scalar_mask_gate,gZ_37_s2_2019-04-08T15;45;15+02;00__masked__dist__00269,gZ_37_s2_2019-04-08T15;45;15+02;00__masked__dist__00269,test_masked,talk,clip,0,0.1901299655437469,0.8098700642585754,1,0,0.19012997,0.6197401,0.6794835329055786,0.3205164670944214,0,1,0.67948353,0.35896707,talk,1,0,1,0.48935357,-0.26077306,6.71793407201767
pose_guided,hgnet_explicit_region_scalar_mask_gate,gE_30_s2_2019-03-15T10;43;40+01;00__masked__dist__00300,gE_30_s2_2019-03-15T10;43;40+01;00__masked__dist__00300,test_masked,talk,clip,0,0.3651177287101745,0.6348823308944702,1,0,0.36511773,0.2697646,0.6775776147842407,0.3224224150180816,0,1,0.6775776,0.3551552,talk,1,0,1,0.3124599,0.0853906,6.710310369729996
pose_guided,hgnet_explicit_region_scalar_mask_gate,gZ_33_s3_2019-04-04T15;06;45+02;00__masked__dist__00026,gZ_33_s3_2019-04-04T15;06;45+02;00__masked__dist__00026,test_masked,talk,clip,0,0.4210078418254852,0.5789921283721924,1,0,0.42100784,0.15798429,0.6764672994613647,0.3235327005386352,0,1,0.6764673,0.3529346,talk,1,0,1,0.25545946,0.19495031,6.705869227647781
pose_guided,hgnet_explicit_region_scalar_mask_gate,gZ_33_s2_2019-04-08T09;59;25+02;00__masked__dist__00022,gZ_33_s2_2019-04-08T09;59;25+02;00__masked__dist__00022,test_masked,talk,clip,0,0.2892163395881653,0.7107837200164795,1,0,0.28921634,0.42156738,0.6691271066665649,0.330872893333435,0,1,0.6691271,0.3382542,talk,1,0,1,0.37991077,-0.08331317,6.676508367061615
pose_guided,hgnet_explicit_region_scalar_mask_gate,gE_30_s1_2019-03-15T10;58;06+01;00__masked__dist__00052,gE_30_s1_2019-03-15T10;58;06+01;00__masked__dist__00052,test_masked,talk,clip,1,0.7066820859909058,0.293317973613739,0,0,0.29331797,0.4133641,0.3310160040855407,0.668984055519104,1,1,0.66898406,0.33796805,talk,1,0,1,0.37566608,-0.07539606,6.6759361028671265
pose_guided,hgnet_explicit_region_scalar_mask_gate,gZ_37_s2_2019-04-08T15;45;15+02;00__masked__dist__00263,gZ_37_s2_2019-04-08T15;45;15+02;00__masked__dist__00263,test_masked,talk,clip,0,0.401759922504425,0.5982401371002197,1,0,0.40175992,0.19648021,0.6614687442779541,0.3385312557220459,0,1,0.66146874,0.3229375,talk,1,0,1,0.25970882,0.12645727,6.645874917507172
pose_guided,hgnet_explicit_region_scalar_mask_gate,gC_12_s2_2019-03-13T10;14;41+01;00__masked__dist__00239,gC_12_s2_2019-03-13T10;14;41+01;00__masked__dist__00239,test_masked,talk,clip,0,0.4967383742332458,0.5032616853713989,1,0,0.49673837,0.006523311,0.6591659784317017,0.3408339917659759,0,1,0.659166,0.318332,talk,1,0,1,0.1624276,0.31180868,6.636663883924484
pose_guided,hgnet_explicit_region_scalar_mask_gate,gE_30_s2_2019-03-15T10;43;40+01;00__masked__dist__00299,gE_30_s2_2019-03-15T10;43;40+01;00__masked__dist__00299,test_masked,talk,clip,0,0.4468869864940643,0.5531130433082581,1,0,0.446887,0.10622606,0.6555469036102295,0.3444531559944153,0,1,0.6555469,0.31109375,talk,1,0,1,0.20865992,0.20486769,6.622187525033951
pose_guided,hgnet_explicit_region_scalar_mask_gate,gZ_36_s4_2019-04-03T15;01;29+02;00__masked__dist__00117,gZ_36_s4_2019-04-03T15;01;29+02;00__masked__dist__00117,test_masked,talk,clip,0,0.3586256802082062,0.6413743495941162,1,0,0.35862568,0.28274867,0.6545649170875549,0.345435082912445,0,1,0.6545649,0.30912983,talk,1,0,1,0.29593924,0.026381165,6.618259638547897
pose_guided,hgnet_explicit_region_scalar_mask_gate,gB_10_s1_2019-03-11T15;24;54+01;00__masked__dist__00058,gB_10_s1_2019-03-11T15;24;54+01;00__masked__dist__00058,test_masked,talk,clip,1,0.5456640720367432,0.4543358981609344,0,0,0.4543359,0.091328174,0.345531702041626,0.654468297958374,1,1,0.6544683,0.3089366,talk,1,0,1,0.2001324,0.21760842,6.6178732216358185
pose_guided,hgnet_explicit_region_scalar_mask_gate,gC_13_s4_2019-03-25T10;02;04+01;00__masked__dist__00065,gC_13_s4_2019-03-25T10;02;04+01;00__masked__dist__00065,test_masked,talk,clip,1,0.6999399662017822,0.3000600337982178,0,0,0.30006003,0.39987993,0.345999002456665,0.654000997543335,1,1,0.654001,0.308002,talk,1,0,1,0.35394096,-0.09187794,6.61600399017334
pose_guided,hgnet_explicit_region_scalar_mask_gate,gZ_36_s4_2019-04-03T15;01;29+02;00__masked__dist__00073,gZ_36_s4_2019-04-03T15;01;29+02;00__masked__dist__00073,test_masked,talk,clip,0,0.2106784880161285,0.7893215417861938,1,0,0.21067849,0.5786431,0.6482750773429871,0.3517249226570129,0,1,0.6482751,0.29655015,talk,1,0,1,0.4375966,-0.28209293,6.5931002497673035
pose_guided,hgnet_explicit_region_scalar_mask_gate,gZ_37_s4_2019-04-03T15;40;42+02;00__masked__dist__00023,gZ_37_s4_2019-04-03T15;40;42+02;00__masked__dist__00023,test_masked,talk,clip,0,0.460853636264801,0.539146363735199,1,0,0.46085364,0.07829273,0.634544849395752,0.3654552102088928,0,1,0.63454485,0.26908964,talk,1,0,1,0.17369121,0.19079691,6.538179337978363
pose_guided,hgnet_explicit_region_scalar_mask_gate,gZ_36_s2_2019-04-09T10;39;38+02;00__masked__dist__00277,gZ_36_s2_2019-04-09T10;39;38+02;00__masked__dist__00277,test_masked,talk,clip,1,0.5634297132492065,0.4365702867507934,0,0,0.4365703,0.12685943,0.3689601421356201,0.6310397982597351,1,1,0.6310398,0.26207966,talk,1,0,1,0.19446951,0.13522023,6.524159252643585
pose_guided,hgnet_explicit_region_scalar_mask_gate,gC_12_s2_2019-03-13T10;14;41+01;00__masked__dist__00234,gC_12_s2_2019-03-13T10;14;41+01;00__masked__dist__00234,test_masked,talk,clip,1,0.5540332198143005,0.4459667801856994,0,0,0.44596678,0.10806644,0.3739908337593078,0.6260091066360474,1,1,0.6260091,0.25201827,talk,1,0,1,0.18004233,0.14395183,6.504036486148834
pose_guided,hgnet_explicit_region_scalar_mask_gate,gE_30_s2_2019-03-15T10;43;40+01;00__masked__dist__00024,gE_30_s2_2019-03-15T10;43;40+01;00__masked__dist__00024,test_masked,talk,clip,0,0.3572335839271545,0.6427664756774902,1,0,0.35723358,0.2855329,0.6171159744262695,0.3828840255737304,0,1,0.617116,0.23423195,talk,1,0,1,0.2598824,-0.051300943,6.468463838100433
pose_guided,hgnet_explicit_region_scalar_mask_gate,gZ_33_s2_2019-04-08T09;59;25+02;00__masked__dist__00140,gZ_33_s2_2019-04-08T09;59;25+02;00__masked__dist__00140,test_masked,talk,clip,1,0.5460188388824463,0.4539811611175537,0,0,0.45398116,0.09203768,0.3857287466526031,0.6142712235450745,1,1,0.6142712,0.22854248,talk,1,0,1,0.16029006,0.1365048,6.45708492398262
pose_guided,hgnet_explicit_region_scalar_mask_gate,gC_13_s2_2019-03-04T10;11;37+01;00__masked__dist__00068,gC_13_s2_2019-03-04T10;11;37+01;00__masked__dist__00068,test_masked,talk,clip,1,0.7798821926116943,0.2201178669929504,0,0,0.22011787,0.5597643,0.3871696591377258,0.612830400466919,1,1,0.6128304,0.22566074,talk,1,0,1,0.39271253,-0.33410358,6.451321482658386
pose_guided,hgnet_explicit_region_scalar_mask_gate,gC_13_s2_2019-03-04T10;11;37+01;00__masked__dist__00194,gC_13_s2_2019-03-04T10;11;37+01;00__masked__dist__00194,test_masked,talk,clip,1,0.6936335563659668,0.306366503238678,0,0,0.3063665,0.38726705,0.3885366916656494,0.6114633083343506,1,1,0.6114633,0.22292662,talk,1,0,1,0.3050968,-0.16434044,6.445853173732758
pose_guided,hgnet_explicit_region_scalar_mask_gate,gA_5_s2_2019-03-08T10;46;46+01;00__masked__dist__00109,gA_5_s2_2019-03-08T10;46;46+01;00__masked__dist__00109,test_masked,talk,clip,0,0.2284440696239471,0.7715559005737305,1,0,0.22844407,0.5431118,0.610161542892456,0.3898384869098663,0,1,0.61016154,0.22032306,talk,1,0,1,0.38171747,-0.32278875,6.440646201372147
pose_guided,hgnet_explicit_region_scalar_mask_gate,gE_30_s1_2019-03-15T10;58;06+01;00__masked__dist__00051,gE_30_s1_2019-03-15T10;58;06+01;00__masked__dist__00051,test_masked,talk,clip,1,0.8115324974060059,0.1884675025939941,0,0,0.1884675,0.623065,0.396901935338974,0.6030980348587036,1,1,0.60309803,0.2061961,talk,1,0,1,0.41463053,-0.4168689,6.412392169237137
pose_guided,hgnet_explicit_region_scalar_mask_gate,gZ_36_s2_2019-04-09T10;39;38+02;00__masked__dist__00283,gZ_36_s2_2019-04-09T10;39;38+02;00__masked__dist__00283,test_masked,talk,clip,1,0.5156509280204773,0.4843490719795227,0,0,0.48434907,0.031301856,0.3988155722618103,0.6011844277381897,1,1,0.6011844,0.20236886,talk,1,0,1,0.116835356,0.171067,6.404737710952759
pose_guided,hgnet_explicit_region_scalar_mask_gate,gA_5_s2_2019-03-08T10;46;46+01;00__masked__dist__00108,gA_5_s2_2019-03-08T10;46;46+01;00__masked__dist__00108,test_masked,talk,clip,0,0.467850923538208,0.532149076461792,1,0,0.46785092,0.06429815,0.6008973717689514,0.3991026282310486,0,1,0.6008974,0.20179474,talk,1,0,1,0.13304645,0.13749659,6.403589487075806
pose_guided,hgnet_explicit_region_scalar_mask_gate,gZ_36_s2_2019-04-09T10;39;38+02;00__masked__dist__00399,gZ_36_s2_2019-04-09T10;39;38+02;00__masked__dist__00399,test_masked,talk,clip,1,0.6130823493003845,0.3869176506996155,0,0,0.38691765,0.2261647,0.4025770723819732,0.5974228978157043,1,1,0.5974229,0.19484583,talk,1,0,1,0.21050525,-0.031318873,6.38969162106514
pose_guided,hgnet_explicit_region_scalar_mask_gate,gZ_36_s2_2019-04-09T10;39;38+02;00__masked__dist__00285,gZ_36_s2_2019-04-09T10;39;38+02;00__masked__dist__00285,test_masked,talk,clip,1,0.5271259546279907,0.4728740453720093,0,0,0.47287405,0.05425191,0.4134801626205444,0.5865198373794556,1,1,0.58651984,0.17303967,talk,1,0,1,0.11364579,0.118787766,6.346079349517822
pose_guided,hgnet_explicit_region_scalar_mask_gate,gZ_37_s1_2019-04-08T15;56;41+02;00__masked__dist__00001,gZ_37_s1_2019-04-08T15;56;41+02;00__masked__dist__00001,test_masked,talk,clip,0,0.4558877944946289,0.5441122055053711,1,0,0.4558878,0.08822441,0.5829858779907227,0.4170141816139221,0,1,0.5829859,0.1659717,talk,1,0,1,0.12709808,0.077747285,6.331943452358246
pose_guided,hgnet_explicit_region_scalar_mask_gate,gZ_36_s4_2019-04-03T15;01;29+02;00__masked__dist__00263,gZ_36_s4_2019-04-03T15;01;29+02;00__masked__dist__00263,test_masked,talk,clip,0,0.3649866580963135,0.6350133419036865,1,0,0.36498666,0.27002668,0.5809154510498047,0.4190845489501953,0,1,0.58091545,0.1618309,talk,1,0,1,0.2159288,-0.10819578,6.323661804199219
pose_guided,hgnet_explicit_region_scalar_mask_gate,gZ_36_s2_2019-04-09T10;39;38+02;00__masked__dist__00401,gZ_36_s2_2019-04-09T10;39;38+02;00__masked__dist__00401,test_masked,talk,clip,1,0.58503258228302,0.41496741771698,0,0,0.41496742,0.17006516,0.419919490814209,0.580080509185791,1,1,0.5800805,0.16016102,talk,1,0,1,0.16511309,-0.009904146,6.320322036743164
pose_guided,hgnet_explicit_region_scalar_mask_gate,gF_25_s2_2019-03-05T11;00;55+01;00__masked__dist__00065,gF_25_s2_2019-03-05T11;00;55+01;00__masked__dist__00065,test_masked,talk,clip,1,0.5776012539863586,0.4223987460136413,0,0,0.42239875,0.15520251,0.4206772744655609,0.5793226957321167,1,1,0.5793227,0.15864542,talk,1,0,1,0.15692395,0.0034429133,6.317290812730789
pose_guided,hgnet_explicit_region_scalar_mask_gate,gZ_33_s1_2019-04-08T16;18;54+02;00__masked__dist__00034,gZ_33_s1_2019-04-08T16;18;54+02;00__masked__dist__00034,test_masked,talk,clip,1,0.6111522316932678,0.3888477981090545,0,0,0.3888478,0.22230443,0.4221600294113159,0.5778399705886841,1,1,0.57784,0.15567994,talk,1,0,1,0.18899217,-0.06662449,6.311359852552414
pose_guided,hgnet_explicit_region_scalar_mask_gate,gZ_33_s2_2019-04-08T09;59;25+02;00__masked__dist__00021,gZ_33_s2_2019-04-08T09;59;25+02;00__masked__dist__00021,test_masked,talk,clip,0,0.1530201882123947,0.8469798564910889,1,0,0.15302019,0.69395965,0.5763673782348633,0.4236326515674591,0,1,0.5763674,0.15273473,talk,1,0,1,0.42334718,-0.54122496,6.305469393730164
pose_guided,hgnet_explicit_region_scalar_mask_gate,gA_5_s2_2019-03-08T10;46;46+01;00__masked__dist__00110,gA_5_s2_2019-03-08T10;46;46+01;00__masked__dist__00110,test_masked,talk,clip,0,0.1384028792381286,0.8615971207618713,1,0,0.13840288,0.72319424,0.5732833743095398,0.4267166256904602,0,1,0.5732834,0.14656675,talk,1,0,1,0.4348805,-0.5766275,6.293133497238159
pose_guided,hgnet_explicit_region_scalar_mask_gate,gZ_33_s1_2019-04-08T10;08;19+02;00__masked__dist__00102,gZ_33_s1_2019-04-08T10;08;19+02;00__masked__dist__00102,test_masked,talk,clip,0,0.4379728138446808,0.5620272159576416,1,0,0.4379728,0.1240544,0.5712217092514038,0.4287783503532409,0,1,0.5712217,0.14244336,talk,1,0,1,0.1332489,0.018388957,6.284886747598648
pose_guided,hgnet_explicit_region_scalar_mask_gate,gA_5_s2_2019-03-08T10;46;46+01;00__masked__dist__00228,gA_5_s2_2019-03-08T10;46;46+01;00__masked__dist__00228,test_masked,talk,clip,0,0.1772231161594391,0.8227769136428833,1,0,0.17722312,0.6455538,0.5677329301834106,0.4322670698165893,0,1,0.56773293,0.13546586,talk,1,0,1,0.3905098,-0.51008797,6.270931661128998
pose_guided,hgnet_explicit_region_scalar_mask_gate,gZ_37_s2_2019-04-08T15;45;15+02;00__masked__dist__00187,gZ_37_s2_2019-04-08T15;45;15+02;00__masked__dist__00187,test_masked,talk,clip,0,0.2058082818984985,0.7941917181015015,1,0,0.20580828,0.58838344,0.5672973394393921,0.4327026605606079,0,1,0.56729734,0.13459468,talk,1,0,1,0.36148906,-0.45378876,6.269189357757568
pose_guided,hgnet_explicit_region_scalar_mask_gate,gZ_36_s1_2019-04-09T10;55;20+02;00__masked__dist__00001,gZ_36_s1_2019-04-09T10;55;20+02;00__masked__dist__00001,test_masked,talk,clip,0,0.4568210542201996,0.5431789755821228,1,0,0.45682105,0.08635792,0.5648629069328308,0.4351370930671692,0,1,0.5648629,0.12972581,talk,1,0,1,0.10804185,0.043367893,6.259451597929001
pose_guided,hgnet_explicit_region_scalar_mask_gate,gC_12_s2_2019-03-13T10;14;41+01;00__masked__dist__00106,gC_12_s2_2019-03-13T10;14;41+01;00__masked__dist__00106,test_masked,talk,clip,0,0.3320555388927459,0.6679444909095764,1,0,0.33205554,0.33588895,0.5620231628417969,0.4379768371582031,0,1,0.56202316,0.124046326,talk,1,0,1,0.22996762,-0.21184263,6.248092621564865
pose_guided,hgnet_explicit_region_scalar_mask_gate,gC_13_s4_2019-03-25T10;02;04+01;00__masked__dist__00245,gC_13_s4_2019-03-25T10;02;04+01;00__masked__dist__00245,test_masked,talk,clip,0,0.4951815903186798,0.5048183798789978,1,0,0.4951816,0.00963679,0.5616692304611206,0.4383307695388794,0,1,0.56166923,0.12333846,talk,1,0,1,0.06648764,0.11370167,6.246676951646805
pose_guided,hgnet_explicit_region_scalar_mask_gate,gZ_36_s2_2019-04-09T10;39;38+02;00__masked__dist__00405,gZ_36_s2_2019-04-09T10;39;38+02;00__masked__dist__00405,test_masked,talk,clip,1,0.5491113066673279,0.4508887231349945,0,0,0.45088872,0.09822258,0.4392138123512268,0.5607861876487732,1,1,0.5607862,0.121572375,talk,1,0,1,0.109897465,0.023349792,6.24314472079277
pose_guided,hgnet_explicit_region_scalar_mask_gate,gA_5_s2_2019-03-08T10;46;46+01;00__masked__dist__00107,gA_5_s2_2019-03-08T10;46;46+01;00__masked__dist__00107,test_masked,talk,clip,0,0.4159258604049682,0.5840741395950317,1,0,0.41592586,0.16814828,0.5583517551422119,0.4416481852531433,0,1,0.55835176,0.11670357,talk,1,0,1,0.1424259,-0.05144471,6.233407080173492
pose_guided,hgnet_explicit_region_scalar_mask_gate,gZ_33_s2_2019-04-08T09;59;25+02;00__masked__dist__00391,gZ_33_s2_2019-04-08T09;59;25+02;00__masked__dist__00391,test_masked,talk,clip,0,0.4602253139019012,0.5397747159004211,1,0,0.4602253,0.0795494,0.5549788475036621,0.4450211524963379,0,1,0.55497885,0.109957695,talk,1,0,1,0.09475353,0.030408293,6.219915360212326
pose_guided,hgnet_explicit_region_scalar_mask_gate,gZ_37_s4_2019-04-03T15;40;42+02;00__masked__dist__00039,gZ_37_s4_2019-04-03T15;40;42+02;00__masked__dist__00039,test_masked,talk,clip,1,0.6688414812088013,0.3311585187911987,0,0,0.33115852,0.33768296,0.4456613659858703,0.5543386340141296,1,1,0.55433863,0.10867727,talk,1,0,1,0.22318012,-0.2290057,6.2173545360565186
pose_guided,hgnet_explicit_region_scalar_mask_gate,gC_12_s2_2019-03-13T10;14;41+01;00__masked__dist__00083,gC_12_s2_2019-03-13T10;14;41+01;00__masked__dist__00083,test_masked,talk,clip,1,0.8999768495559692,0.1000231802463531,0,0,0.10002318,0.7999537,0.4471399784088135,0.5528600215911865,1,1,0.55286,0.10572004,talk,1,0,1,0.45283684,-0.69423366,6.211440026760101
pose_guided,hgnet_explicit_region_scalar_mask_gate,gZ_36_s2_2019-04-09T10;39;38+02;00__masked__dist__00265,gZ_36_s2_2019-04-09T10;39;38+02;00__masked__dist__00265,test_masked,talk,clip,0,0.4892978072166443,0.5107021927833557,1,0,0.4892978,0.021404386,0.5527477860450745,0.4472522139549255,0,1,0.5527478,0.10549557,talk,1,0,1,0.06344998,0.08409119,6.210991144180298
pose_guided,hgnet_explicit_region_scalar_mask_gate,gZ_36_s4_2019-04-03T15;01;29+02;00__masked__dist__00290,gZ_36_s4_2019-04-03T15;01;29+02;00__masked__dist__00290,test_masked,talk,clip,0,0.4749395251274109,0.5250604748725891,1,0,0.47493953,0.05012095,0.5498454570770264,0.4501545429229736,0,1,0.54984546,0.099690914,talk,1,0,1,0.07490593,0.049569964,6.1993818283081055
pose_guided,hgnet_explicit_region_scalar_mask_gate,gA_5_s2_2019-03-08T10;46;46+01;00__masked__dist__00121,gA_5_s2_2019-03-08T10;46;46+01;00__masked__dist__00121,test_masked,talk,clip,1,0.744972825050354,0.255027174949646,0,0,0.25502717,0.48994565,0.4516048729419708,0.5483951568603516,1,1,0.54839516,0.096790284,talk,1,0,1,0.29336798,-0.39315537,6.193580597639084
pose_guided,hgnet_explicit_region_scalar_mask_gate,gC_12_s2_2019-03-13T10;14;41+01;00__masked__dist__00117,gC_12_s2_2019-03-13T10;14;41+01;00__masked__dist__00117,test_masked,talk,clip,0,0.3288871943950653,0.6711128354072571,1,0,0.3288872,0.34222564,0.546278715133667,0.453721284866333,0,1,0.5462787,0.09255743,talk,1,0,1,0.21739152,-0.24966821,6.185114830732346
pose_guided,hgnet_explicit_region_scalar_mask_gate,gZ_36_s2_2019-04-09T10;39;38+02;00__masked__dist__00376,gZ_36_s2_2019-04-09T10;39;38+02;00__masked__dist__00376,test_masked,talk,clip,1,0.5186716318130493,0.4813284277915954,0,0,0.48132843,0.037343204,0.4551390409469604,0.5448609590530396,1,1,0.54486096,0.08972192,talk,1,0,1,0.06353253,0.052378714,6.179443776607513
pose_guided,hgnet_explicit_region_scalar_mask_gate,gC_12_s2_2019-03-13T10;14;41+01;00__masked__dist__00116,gC_12_s2_2019-03-13T10;14;41+01;00__masked__dist__00116,test_masked,talk,clip,0,0.3575857579708099,0.6424142718315125,1,0,0.35758576,0.2848285,0.5446506142616272,0.4553494453430176,0,1,0.5446506,0.08930117,talk,1,0,1,0.18706486,-0.19552734,6.178602367639542
pose_guided,hgnet_explicit_region_scalar_mask_gate,gC_13_s2_2019-03-04T10;11;37+01;00__masked__dist__00067,gC_13_s2_2019-03-04T10;11;37+01;00__masked__dist__00067,test_masked,talk,clip,1,0.5320029854774475,0.4679970443248749,0,0,0.46799704,0.06400594,0.4555965065956116,0.5444034337997437,1,1,0.54440343,0.08880693,talk,1,0,1,0.07640639,0.024800986,6.177613765001297
pose_guided,hgnet_explicit_region_scalar_mask_gate,gZ_36_s2_2019-04-09T10;39;38+02;00__masked__dist__00266,gZ_36_s2_2019-04-09T10;39;38+02;00__masked__dist__00266,test_masked,talk,clip,0,0.4350883960723877,0.5649116039276123,1,0,0.4350884,0.12982321,0.5442783832550049,0.4557215571403503,0,1,0.5442784,0.088556826,talk,1,0,1,0.10918999,-0.04126638,6.177113592624664
pose_guided,hgnet_explicit_region_scalar_mask_gate,gZ_33_s2_2019-04-08T16;09;44+02;00__masked__dist__00192,gZ_33_s2_2019-04-08T16;09;44+02;00__masked__dist__00192,test_masked,talk,clip,0,0.3147297501564026,0.6852702498435974,1,0,0.31472975,0.3705405,0.5441888570785522,0.4558111429214477,0,1,0.54418886,0.088377714,talk,1,0,1,0.2294591,-0.2821628,6.176755428314209
pose_guided,hgnet_explicit_region_scalar_mask_gate,gA_5_s2_2019-03-08T10;46;46+01;00__masked__dist__00111,gA_5_s2_2019-03-08T10;46;46+01;00__masked__dist__00111,test_masked,talk,clip,0,0.1447700560092926,0.8552299737930298,1,0,0.14477006,0.71045995,0.5424643754959106,0.4575356245040893,0,1,0.5424644,0.08492875,talk,1,0,1,0.39769432,-0.6255312,6.169857442378998
pose_guided,hgnet_explicit_region_scalar_mask_gate,gZ_37_s4_2019-04-03T15;40;42+02;00__masked__dist__00360,gZ_37_s4_2019-04-03T15;40;42+02;00__masked__dist__00360,test_masked,talk,clip,0,0.2270774245262146,0.7729226350784302,1,0,0.22707742,0.5458452,0.5397302508354187,0.4602697193622589,0,1,0.53973025,0.07946053,talk,1,0,1,0.31265283,-0.46638468,6.158920973539352
pose_guided,hgnet_explicit_region_scalar_mask_gate,gZ_36_s4_2019-04-03T15;01;29+02;00__masked__dist__00133,gZ_36_s4_2019-04-03T15;01;29+02;00__masked__dist__00133,test_masked,talk,clip,0,0.2659172713756561,0.7340826988220215,1,0,0.26591727,0.46816543,0.5376431941986084,0.4623567461967468,0,1,0.5376432,0.07528645,talk,1,0,1,0.27172592,-0.39287898,6.150572866201401
pose_guided,hgnet_explicit_region_scalar_mask_gate,gE_30_s2_2019-03-15T10;43;40+01;00__masked__dist__00041,gE_30_s2_2019-03-15T10;43;40+01;00__masked__dist__00041,test_masked,talk,clip,0,0.2669792175292969,0.7330207824707031,1,0,0.26697922,0.46604156,0.5358806848526001,0.4641193449497223,0,1,0.5358807,0.07176134,talk,1,0,1,0.26890147,-0.39428023,6.143522709608078
pose_guided,hgnet_explicit_region_scalar_mask_gate,gA_5_s2_2019-03-08T10;46;46+01;00__masked__dist__00054,gA_5_s2_2019-03-08T10;46;46+01;00__masked__dist__00054,test_masked,talk,clip,1,0.6600527763366699,0.3399471938610077,0,0,0.3399472,0.32010558,0.4646604061126709,0.5353395938873291,1,1,0.5353396,0.07067919,talk,1,0,1,0.1953924,-0.2494264,6.141358405351639
pose_guided,hgnet_explicit_region_scalar_mask_gate,gF_25_s2_2019-03-05T11;00;55+01;00__masked__dist__00045,gF_25_s2_2019-03-05T11;00;55+01;00__masked__dist__00045,test_masked,talk,clip,1,0.7472242116928101,0.2527757585048675,0,0,0.25277576,0.49444845,0.465121865272522,0.534878134727478,1,1,0.53487813,0.06975627,talk,1,0,1,0.28210238,-0.42469218,6.1395125687122345
pose_guided,hgnet_explicit_region_scalar_mask_gate,gC_13_s4_2019-03-25T10;02;04+01;00__masked__dist__00060,gC_13_s4_2019-03-25T10;02;04+01;00__masked__dist__00060,test_masked,talk,clip,0,0.2797126471996307,0.7202873826026917,1,0,0.27971265,0.44057474,0.5340582132339478,0.4659417569637298,0,1,0.5340582,0.068116456,talk,1,0,1,0.25434557,-0.37245828,6.136232852935791
pose_guided,hgnet_explicit_region_scalar_mask_gate,gZ_36_s2_2019-04-09T10;39;38+02;00__masked__dist__00062,gZ_36_s2_2019-04-09T10;39;38+02;00__masked__dist__00062,test_masked,talk,clip,0,0.2634237408638,0.7365763187408447,1,0,0.26342374,0.47315258,0.5337709188461304,0.4662291407585144,0,1,0.5337709,0.06754178,talk,1,0,1,0.27034718,-0.4056108,6.135083556175232
pose_guided,hgnet_explicit_region_scalar_mask_gate,gZ_36_s4_2019-04-03T15;01;29+02;00__masked__dist__00123,gZ_36_s4_2019-04-03T15;01;29+02;00__masked__dist__00123,test_masked,talk,clip,0,0.3714854717254638,0.6285145282745361,1,0,0.37148547,0.25702906,0.5302504301071167,0.4697496294975281,0,1,0.53025043,0.0605008,talk,1,0,1,0.15876496,-0.19652826,6.121001660823822
pose_guided,hgnet_explicit_region_scalar_mask_gate,gZ_37_s1_2019-04-08T15;56;41+02;00__masked__dist__00002,gZ_37_s1_2019-04-08T15;56;41+02;00__masked__dist__00002,test_masked,talk,clip,0,0.3161943852901459,0.6838055849075317,1,0,0.3161944,0.3676112,0.5271238088607788,0.4728761911392212,0,1,0.5271238,0.054247618,talk,1,0,1,0.21092942,-0.31336358,6.108495265245438
pose_guided,hgnet_explicit_region_scalar_mask_gate,gC_13_s4_2019-03-25T10;02;04+01;00__masked__dist__00150,gC_13_s4_2019-03-25T10;02;04+01;00__masked__dist__00150,test_masked,talk,clip,0,0.3770966529846191,0.6229033470153809,1,0,0.37709665,0.2458067,0.5267021656036377,0.4732978343963623,0,1,0.52670217,0.05340433,talk,1,0,1,0.14960551,-0.19240236,6.106808662414551
pose_guided,hgnet_explicit_region_scalar_mask_gate,gZ_33_s2_2019-04-08T09;59;25+02;00__masked__dist__00067,gZ_33_s2_2019-04-08T09;59;25+02;00__masked__dist__00067,test_masked,talk,clip,0,0.1104914247989654,0.8895086050033569,1,0,0.110491425,0.7790172,0.5266461372375488,0.4733538925647735,0,1,0.52664614,0.053292245,talk,1,0,1,0.4161547,-0.72572494,6.1065844893455505
pose_guided,hgnet_explicit_region_scalar_mask_gate,gC_12_s2_2019-03-13T10;14;41+01;00__masked__dist__00096,gC_12_s2_2019-03-13T10;14;41+01;00__masked__dist__00096,test_masked,talk,clip,0,0.3055493235588074,0.6944507360458374,1,0,0.30554932,0.3889014,0.5208137631416321,0.4791862368583679,0,1,0.52081376,0.041627526,talk,1,0,1,0.21526444,-0.3472739,6.0832549929618835
pose_guided,hgnet_explicit_region_scalar_mask_gate,gZ_36_s2_2019-04-09T10;39;38+02;00__masked__dist__00284,gZ_36_s2_2019-04-09T10;39;38+02;00__masked__dist__00284,test_masked,talk,clip,1,0.6126693487167358,0.3873306512832641,0,0,0.38733065,0.2253387,0.4842519760131836,0.5157480239868164,1,1,0.515748,0.031496048,talk,1,0,1,0.12841737,-0.19384265,6.062992095947266
pose_guided,hgnet_explicit_region_scalar_mask_gate,gZ_37_s2_2019-04-08T15;45;15+02;00__masked__dist__00270,gZ_37_s2_2019-04-08T15;45;15+02;00__masked__dist__00270,test_masked,talk,clip,0,0.2058603018522262,0.7941396236419678,1,0,0.2058603,0.5882793,0.5153562426567078,0.4846437573432922,0,1,0.51535624,0.030712485,talk,1,0,1,0.30949593,-0.5575668,6.061425030231476
pose_guided,hgnet_explicit_region_scalar_mask_gate,gZ_36_s2_2019-04-09T10;39;38+02;00__masked__dist__00359,gZ_36_s2_2019-04-09T10;39;38+02;00__masked__dist__00359,test_masked,talk,clip,0,0.4211327731609344,0.5788672566413879,1,0,0.42113277,0.15773448,0.5141037702560425,0.4858962297439575,0,1,0.5141038,0.02820754,talk,1,0,1,0.092971,-0.12952694,6.0564150512218475
pose_guided,hgnet_explicit_region_scalar_mask_gate,gC_12_s2_2019-03-13T10;14;41+01;00__masked__dist__00095,gC_12_s2_2019-03-13T10;14;41+01;00__masked__dist__00095,test_masked,talk,clip,0,0.3644513487815857,0.6355486512184143,1,0,0.36445135,0.2710973,0.5132213234901428,0.4867786467075348,0,1,0.5132213,0.026442677,talk,1,0,1,0.14876997,-0.24465463,6.052885323762894
pose_guided,hgnet_explicit_region_scalar_mask_gate,gZ_37_s4_2019-04-03T15;40;42+02;00__masked__dist__00135,gZ_37_s4_2019-04-03T15;40;42+02;00__masked__dist__00135,test_masked,talk,clip,0,0.330861359834671,0.6691386699676514,1,0,0.33086136,0.3382773,0.512732982635498,0.4872670471668243,0,1,0.512733,0.025465935,talk,1,0,1,0.18187162,-0.31281137,6.050931870937347
pose_guided,hgnet_explicit_region_scalar_mask_gate,gC_13_s2_2019-03-04T10;11;37+01;00__masked__dist__00170,gC_13_s2_2019-03-04T10;11;37+01;00__masked__dist__00170,test_masked,talk,clip,0,0.4304964542388916,0.5695036053657532,1,0,0.43049645,0.13900715,0.510368287563324,0.489631712436676,0,1,0.5103683,0.020736575,talk,1,0,1,0.07987183,-0.118270576,6.041473090648651
pose_guided,hgnet_explicit_region_scalar_mask_gate,gE_30_s2_2019-03-15T10;43;40+01;00__masked__dist__00052,gE_30_s2_2019-03-15T10;43;40+01;00__masked__dist__00052,test_masked,talk,clip,1,0.9520367383956908,0.0479632019996643,0,0,0.047963202,0.90407354,0.4904817938804626,0.5095182061195374,1,1,0.5095182,0.019036412,talk,1,0,1,0.461555,-0.8850371,6.038072884082794
pose_guided,hgnet_explicit_region_scalar_mask_gate,gZ_37_s2_2019-04-08T15;45;15+02;00__masked__dist__00261,gZ_37_s2_2019-04-08T15;45;15+02;00__masked__dist__00261,test_masked,talk,clip,0,0.121269904077053,0.8787301182746887,1,0,0.121269904,0.75746024,0.5090585947036743,0.4909413456916809,0,1,0.5090586,0.018117249,talk,1,0,1,0.38778868,-0.739343,6.036234378814697
pose_guided,hgnet_explicit_region_scalar_mask_gate,gZ_36_s2_2019-04-09T10;39;38+02;00__masked__dist__00361,gZ_36_s2_2019-04-09T10;39;38+02;00__masked__dist__00361,test_masked,talk,clip,0,0.3755553364753723,0.6244446635246277,1,0,0.37555534,0.24888933,0.508979320526123,0.4910206794738769,0,1,0.5089793,0.017958641,talk,1,0,1,0.13342398,-0.23093069,6.035917282104492
pose_guided,hgnet_explicit_region_scalar_mask_gate,gZ_36_s2_2019-04-09T10;39;38+02;00__masked__dist__00400,gZ_36_s2_2019-04-09T10;39;38+02;00__masked__dist__00400,test_masked,talk,clip,1,0.6540425419807434,0.3459574580192566,0,0,0.34595746,0.30808508,0.4958581328392029,0.5041418075561523,1,1,0.5041418,0.008283675,talk,1,0,1,0.15818435,-0.2998014,6.016567289829254
pose_guided,hgnet_explicit_region_scalar_mask_gate,gZ_36_s2_2019-04-09T10;39;38+02;00__masked__dist__00360,gZ_36_s2_2019-04-09T10;39;38+02;00__masked__dist__00360,test_masked,talk,clip,0,0.3353698849678039,0.664630115032196,1,0,0.33536988,0.32926023,0.500825822353363,0.4991742074489593,0,1,0.5008258,0.0016516149,talk,1,0,1,0.16545594,-0.32760862,6.00330325961113
pose_guided,hgnet_explicit_region_scalar_mask_gate,gB_10_s3_2019-03-13T14;22;40+01;00__masked__dist__00015,gB_10_s3_2019-03-13T14;22;40+01;00__masked__dist__00015,test_masked,talk,clip,0,0.5087202787399292,0.4912797808647156,0,1,0.5087203,0.017440498,0.8869290947914124,0.1130709052085876,0,1,0.8869291,0.7738582,talk,0,0,0,0.37820882,0.7564177,1.5128353238105774
pose_guided,hgnet_explicit_region_scalar_mask_gate,gZ_37_s4_2019-04-03T15;40;42+02;00__masked__dist__00095,gZ_37_s4_2019-04-03T15;40;42+02;00__masked__dist__00095,test_masked,talk,clip,0,0.5051722526550293,0.4948277473449707,0,1,0.50517225,0.010344505,0.8529703617095947,0.1470296084880828,0,1,0.85297036,0.7059407,talk,0,0,0,0.3477981,0.6955962,1.3911924362182617
pose_guided,hgnet_explicit_region_scalar_mask_gate,gZ_36_s1_2019-04-09T10;55;20+02;00__masked__dist__00023,gZ_36_s1_2019-04-09T10;55;20+02;00__masked__dist__00023,test_masked,talk,clip,0,0.5075706839561462,0.4924293458461761,0,1,0.5075707,0.015141338,0.8173425793647766,0.1826574206352234,0,1,0.8173426,0.63468516,talk,0,0,0,0.3097719,0.6195438,1.2390875816345215
pose_guided,hgnet_explicit_region_scalar_mask_gate,gA_5_s1_2019-03-08T10;57;00+01;00__masked__dist__00027,gA_5_s1_2019-03-08T10;57;00+01;00__masked__dist__00027,test_masked,talk,clip,0,0.5033283829689026,0.4966716170310974,0,1,0.5033284,0.006656766,0.8053745627403259,0.1946254670619964,0,1,0.80537456,0.6107491,talk,0,0,0,0.30204618,0.60409236,1.2081847190856934
pose_guided,hgnet_explicit_region_scalar_mask_gate,gZ_37_s4_2019-04-03T15;40;42+02;00__masked__dist__00165,gZ_37_s4_2019-04-03T15;40;42+02;00__masked__dist__00165,test_masked,talk,clip,1,0.4554459452629089,0.5445540547370911,1,1,0.54455405,0.08910811,0.1688369810581207,0.8311630487442017,1,1,0.83116305,0.6623261,talk,0,0,0,0.286609,0.573218,1.1464359760284424
pose_guided,hgnet_explicit_region_scalar_mask_gate,gZ_37_s4_2019-04-03T15;40;42+02;00__masked__dist__00157,gZ_37_s4_2019-04-03T15;40;42+02;00__masked__dist__00157,test_masked,talk,clip,1,0.4137957096099853,0.5862042903900146,1,1,0.5862043,0.17240858,0.1303767412900924,0.8696232438087463,1,1,0.86962324,0.7392465,talk,0,0,0,0.28341895,0.5668379,1.1336758136749268
pose_guided,hgnet_explicit_region_scalar_mask_gate,gB_10_s1_2019-03-11T15;24;54+01;00__masked__dist__00082,gB_10_s1_2019-03-11T15;24;54+01;00__masked__dist__00082,test_masked,talk,clip,0,0.5043229460716248,0.4956770539283752,0,1,0.50432295,0.008645892,0.7847285866737366,0.215271383523941,0,1,0.7847286,0.5694572,talk,0,0,0,0.28040564,0.5608113,1.1216225624084473
pose_guided,hgnet_explicit_region_scalar_mask_gate,gZ_37_s4_2019-04-03T15;40;42+02;00__masked__dist__00071,gZ_37_s4_2019-04-03T15;40;42+02;00__masked__dist__00071,test_masked,talk,clip,0,0.6122766733169556,0.3877233862876892,0,1,0.6122767,0.22455329,0.892524003982544,0.1074759662151336,0,1,0.892524,0.785048,talk,0,0,0,0.28024733,0.5604947,1.1209893822669983
pose_guided,hgnet_explicit_region_scalar_mask_gate,gZ_37_s4_2019-04-03T15;40;42+02;00__masked__dist__00235,gZ_37_s4_2019-04-03T15;40;42+02;00__masked__dist__00235,test_masked,talk,clip,0,0.5858590006828308,0.4141409993171692,0,1,0.585859,0.171718,0.8645879626274109,0.1354120671749115,0,1,0.86458796,0.7291759,talk,0,0,0,0.27872896,0.5574579,1.1149158477783203
pose_guided,hgnet_explicit_region_scalar_mask_gate,gZ_33_s4_2019-04-03T09;22;03+02;00__masked__dist__00002,gZ_33_s4_2019-04-03T09;22;03+02;00__masked__dist__00002,test_masked,talk,clip,0,0.5302349925041199,0.4697650074958801,0,1,0.530235,0.060469985,0.8086507320404053,0.1913492381572723,0,1,0.80865073,0.61730146,talk,0,0,0,0.27841574,0.5568315,1.1136629581451416
pose_guided,hgnet_explicit_region_scalar_mask_gate,gZ_37_s2_2019-04-08T15;45;15+02;00__masked__dist__00178,gZ_37_s2_2019-04-08T15;45;15+02;00__masked__dist__00178,test_masked,talk,clip,0,0.6099154949188232,0.3900845050811767,0,1,0.6099155,0.21983099,0.8856978416442871,0.1143022179603576,0,1,0.88569784,0.7713956,talk,0,0,0,0.27578235,0.55156463,1.1031293272972107
pose_guided,hgnet_explicit_region_scalar_mask_gate,gA_5_s1_2019-03-08T10;57;00+01;00__masked__dist__00104,gA_5_s1_2019-03-08T10;57;00+01;00__masked__dist__00104,test_masked,talk,clip,0,0.5937004089355469,0.4062995612621307,0,1,0.5937004,0.18740085,0.8690828084945679,0.1309171915054321,0,1,0.8690828,0.7381656,talk,0,0,0,0.2753824,0.5507648,1.101529598236084
pose_guided,hgnet_explicit_region_scalar_mask_gate,gB_10_s2_2019-03-11T15;15;21+01;00__masked__dist__00227,gB_10_s2_2019-03-11T15;15;21+01;00__masked__dist__00227,test_masked,talk,clip,0,0.5835094451904297,0.4164906144142151,0,1,0.58350945,0.16701883,0.8504214882850647,0.1495785266160965,0,1,0.8504215,0.700843,talk,0,0,0,0.26691204,0.53382415,1.0676482319831848
pose_guided,hgnet_explicit_region_scalar_mask_gate,gZ_33_s2_2019-04-08T09;59;25+02;00__masked__dist__00360,gZ_33_s2_2019-04-08T09;59;25+02;00__masked__dist__00360,test_masked,talk,clip,0,0.5078316330909729,0.4921683669090271,0,1,0.50783163,0.015663266,0.769993782043457,0.2300062477588653,0,1,0.7699938,0.53998756,talk,0,0,0,0.26216215,0.5243243,1.0486485958099365
pose_guided,hgnet_explicit_region_scalar_mask_gate,gE_30_s2_2019-03-15T10;43;40+01;00__masked__dist__00138,gE_30_s2_2019-03-15T10;43;40+01;00__masked__dist__00138,test_masked,talk,clip,1,0.4033604264259338,0.5966395735740662,1,1,0.5966396,0.19327915,0.1450890898704528,0.8549108505249023,1,1,0.85491085,0.70982176,talk,0,0,0,0.25827128,0.5165426,1.0330851674079895
pose_guided,hgnet_explicit_region_scalar_mask_gate,gZ_37_s4_2019-04-03T15;40;42+02;00__masked__dist__00070,gZ_37_s4_2019-04-03T15;40;42+02;00__masked__dist__00070,test_masked,talk,clip,0,0.5760328769683838,0.4239671230316162,0,1,0.5760329,0.15206575,0.8319133520126343,0.1680866181850433,0,1,0.83191335,0.6638267,talk,0,0,0,0.25588048,0.51176095,1.023521900177002
pose_guided,hgnet_explicit_region_scalar_mask_gate,gZ_37_s1_2019-04-08T15;56;41+02;00__masked__dist__00092,gZ_37_s1_2019-04-08T15;56;41+02;00__masked__dist__00092,test_masked,talk,clip,0,0.5343475937843323,0.4656524360179901,0,1,0.5343476,0.06869516,0.7868591547012329,0.2131408601999282,0,1,0.78685915,0.5737183,talk,0,0,0,0.25251156,0.5050231,1.0100462436676025
pose_guided,hgnet_explicit_region_scalar_mask_gate,gA_5_s1_2019-03-08T10;57;00+01;00__masked__dist__00105,gA_5_s1_2019-03-08T10;57;00+01;00__masked__dist__00105,test_masked,talk,clip,0,0.5380675792694092,0.4619324207305908,0,1,0.5380676,0.07613516,0.7823590040206909,0.2176410257816314,0,1,0.782359,0.564718,talk,0,0,0,0.24429142,0.48858285,0.977165699005127
pose_guided,hgnet_explicit_region_scalar_mask_gate,gB_10_s2_2019-03-11T15;15;21+01;00__masked__dist__00228,gB_10_s2_2019-03-11T15;15;21+01;00__masked__dist__00228,test_masked,talk,clip,0,0.6680810451507568,0.3319189846515655,0,1,0.66808105,0.33616206,0.9051781892776488,0.0948217362165451,0,1,0.9051782,0.81035644,talk,0,0,0,0.23709714,0.47419438,0.9483886659145355
pose_guided,hgnet_explicit_region_scalar_mask_gate,gZ_33_s4_2019-04-03T09;22;03+02;00__masked__dist__00003,gZ_33_s4_2019-04-03T09;22;03+02;00__masked__dist__00003,test_masked,talk,clip,0,0.5475999712944031,0.4524000287055969,0,1,0.5476,0.09519994,0.7841454744338989,0.215854525566101,0,1,0.7841455,0.56829095,talk,0,0,0,0.2365455,0.473091,0.9461820125579834
pose_guided,hgnet_explicit_region_scalar_mask_gate,gZ_37_s4_2019-04-03T15;40;42+02;00__masked__dist__00171,gZ_37_s4_2019-04-03T15;40;42+02;00__masked__dist__00171,test_masked,talk,clip,1,0.3767344951629638,0.6232655048370361,1,1,0.6232655,0.24653101,0.1433922201395034,0.8566077947616577,1,1,0.8566078,0.7132156,talk,0,0,0,0.23334229,0.46668458,0.9333691596984863
pose_guided,hgnet_explicit_region_scalar_mask_gate,gA_5_s2_2019-03-08T10;46;46+01;00__masked__dist__00023,gA_5_s2_2019-03-08T10;46;46+01;00__masked__dist__00023,test_masked,talk,clip,0,0.6963278651237488,0.3036721646785736,0,1,0.69632787,0.3926557,0.9296104907989502,0.0703895017504692,0,1,0.9296105,0.859221,talk,0,0,0,0.23328263,0.46656528,0.933130532503128
pose_guided,hgnet_explicit_region_scalar_mask_gate,gZ_33_s2_2019-04-08T09;59;25+02;00__masked__dist__00013,gZ_33_s2_2019-04-08T09;59;25+02;00__masked__dist__00013,test_masked,talk,clip,0,0.6258792281150818,0.3741207420825958,0,1,0.6258792,0.2517585,0.8588875532150269,0.1411124467849731,0,1,0.85888755,0.7177751,talk,0,0,0,0.23300833,0.46601662,0.9320332705974579
pose_guided,hgnet_explicit_region_scalar_mask_gate,gZ_36_s4_2019-04-03T15;01;29+02;00__masked__dist__00371,gZ_36_s4_2019-04-03T15;01;29+02;00__masked__dist__00371,test_masked,talk,clip,0,0.5498078465461731,0.4501921832561493,0,1,0.54980785,0.09961566,0.7814815044403076,0.2185185402631759,0,1,0.7814815,0.56296295,talk,0,0,0,0.23167366,0.4633473,0.9266946017742157
pose_guided,hgnet_explicit_region_scalar_mask_gate,gZ_33_s3_2019-04-04T09;33;20+02;00__masked__dist__00001,gZ_33_s3_2019-04-04T09;33;20+02;00__masked__dist__00001,test_masked,talk,clip,0,0.7091130018234253,0.2908869981765747,0,1,0.709113,0.418226,0.9296636581420898,0.0703363269567489,0,1,0.92966366,0.8593273,talk,0,0,0,0.22055066,0.4411013,0.8822026252746582
pose_guided,hgnet_explicit_region_scalar_mask_gate,gZ_33_s4_2019-04-03T09;22;03+02;00__masked__dist__00302,gZ_33_s4_2019-04-03T09;22;03+02;00__masked__dist__00302,test_masked,talk,clip,0,0.5811758041381836,0.4188242256641388,0,1,0.5811758,0.16235158,0.7983381748199463,0.2016617804765701,0,1,0.7983382,0.5966764,talk,0,0,0,0.21716237,0.43432483,0.8686495721340179
pose_guided,hgnet_explicit_region_scalar_mask_gate,gA_5_s1_2019-03-08T10;57;00+01;00__masked__dist__00082,gA_5_s1_2019-03-08T10;57;00+01;00__masked__dist__00082,test_masked,talk,clip,0,0.5502532720565796,0.4497467279434204,0,1,0.5502533,0.100506544,0.7668774127960205,0.2331225574016571,0,1,0.7668774,0.5337548,talk,0,0,0,0.21662414,0.43324828,0.8664965629577637
pose_guided,hgnet_explicit_region_scalar_mask_gate,gE_30_s3_2019-03-15T10;56;02+01;00__masked__dist__00003,gE_30_s3_2019-03-15T10;56;02+01;00__masked__dist__00003,test_masked,talk,clip,0,0.5805419683456421,0.4194580316543579,0,1,0.58054197,0.16108394,0.7934149503707886,0.2065850496292114,0,1,0.79341495,0.5868299,talk,0,0,0,0.21287298,0.42574596,0.8514919281005859
pose_guided,hgnet_explicit_region_scalar_mask_gate,gZ_33_s4_2019-04-03T09;22;03+02;00__masked__dist__00300,gZ_33_s4_2019-04-03T09;22;03+02;00__masked__dist__00300,test_masked,talk,clip,0,0.6652424931526184,0.3347574770450592,0,1,0.6652425,0.33048502,0.8748714923858643,0.1251285076141357,0,1,0.8748715,0.749743,talk,0,0,0,0.209629,0.41925797,0.838515967130661
pose_guided,hgnet_explicit_region_scalar_mask_gate,gZ_36_s4_2019-04-03T15;01;29+02;00__masked__dist__00024,gZ_36_s4_2019-04-03T15;01;29+02;00__masked__dist__00024,test_masked,talk,clip,0,0.5189394950866699,0.4810605347156524,0,1,0.5189395,0.03787896,0.7284036874771118,0.2715963125228882,0,1,0.7284037,0.45680737,talk,0,0,0,0.20946419,0.4189284,0.83785679936409
pose_guided,hgnet_explicit_region_scalar_mask_gate,gA_5_s1_2019-03-08T10;57;00+01;00__masked__dist__00006,gA_5_s1_2019-03-08T10;57;00+01;00__masked__dist__00006,test_masked,talk,clip,0,0.5964086055755615,0.4035914242267608,0,1,0.5964086,0.19281718,0.8034348487854004,0.196565181016922,0,1,0.80343485,0.6068697,talk,0,0,0,0.20702624,0.41405252,0.8281050026416779
pose_guided,hgnet_explicit_region_scalar_mask_gate,gZ_37_s4_2019-04-03T15;40;42+02;00__masked__dist__00155,gZ_37_s4_2019-04-03T15;40;42+02;00__masked__dist__00155,test_masked,talk,clip,1,0.3558504283428192,0.6441496014595032,1,1,0.6441496,0.28829917,0.1497760862112045,0.8502238988876343,1,1,0.8502239,0.7004478,talk,0,0,0,0.2060743,0.41214862,0.8242972195148468
pose_guided,hgnet_explicit_region_scalar_mask_gate,gZ_37_s1_2019-04-08T15;56;41+02;00__masked__dist__00039,gZ_37_s1_2019-04-08T15;56;41+02;00__masked__dist__00039,test_masked,talk,clip,0,0.7258356809616089,0.2741643488407135,0,1,0.7258357,0.45167133,0.9295055866241456,0.070494458079338,0,1,0.9295056,0.8590111,talk,0,0,0,0.2036699,0.40733978,0.8146795928478241
pose_guided,hgnet_explicit_region_scalar_mask_gate,gZ_37_s4_2019-04-03T15;40;42+02;00__masked__dist__00211,gZ_37_s4_2019-04-03T15;40;42+02;00__masked__dist__00211,test_masked,talk,clip,0,0.5280855298042297,0.471914529800415,0,1,0.52808553,0.056171,0.727007269859314,0.2729927003383636,0,1,0.72700727,0.45401457,talk,0,0,0,0.19892174,0.39784357,0.7956870496273041
pose_guided,hgnet_explicit_region_scalar_mask_gate,gZ_37_s4_2019-04-03T15;40;42+02;00__masked__dist__00094,gZ_37_s4_2019-04-03T15;40;42+02;00__masked__dist__00094,test_masked,talk,clip,0,0.6524645686149597,0.3475354313850403,0,1,0.65246457,0.30492914,0.8511945605278015,0.1488054394721985,0,1,0.85119456,0.7023891,talk,0,0,0,0.19872999,0.39745998,0.7949199676513672
pose_guided,hgnet_explicit_region_scalar_mask_gate,gZ_37_s2_2019-04-08T15;45;15+02;00__masked__dist__00251,gZ_37_s2_2019-04-08T15;45;15+02;00__masked__dist__00251,test_masked,talk,clip,0,0.6203131675720215,0.3796868324279785,0,1,0.62031317,0.24062634,0.8183887004852295,0.1816112995147705,0,1,0.8183887,0.6367774,talk,0,0,0,0.19807553,0.39615107,0.792302131652832
pose_guided,hgnet_explicit_region_scalar_mask_gate,gB_10_s3_2019-03-13T14;22;40+01;00__masked__dist__00005,gB_10_s3_2019-03-13T14;22;40+01;00__masked__dist__00005,test_masked,talk,clip,0,0.6989520192146301,0.3010479807853699,0,1,0.698952,0.39790404,0.8955994844436646,0.1044005155563354,0,1,0.8955995,0.79119897,talk,0,0,0,0.19664747,0.39329493,0.7865898609161377
pose_guided,hgnet_explicit_region_scalar_mask_gate,gE_30_s2_2019-03-15T10;43;40+01;00__masked__dist__00259,gE_30_s2_2019-03-15T10;43;40+01;00__masked__dist__00259,test_masked,talk,clip,1,0.4155511260032654,0.5844489336013794,1,1,0.58444893,0.16889781,0.2205249667167663,0.7794749736785889,1,1,0.779475,0.55895,talk,0,0,0,0.19502604,0.3900522,0.7801042795181274
pose_guided,hgnet_explicit_region_scalar_mask_gate,gZ_36_s4_2019-04-03T15;01;29+02;00__masked__dist__00014,gZ_36_s4_2019-04-03T15;01;29+02;00__masked__dist__00014,test_masked,talk,clip,0,0.6183912754058838,0.381608784198761,0,1,0.6183913,0.23678249,0.8129802942276001,0.1870196759700775,0,1,0.8129803,0.6259606,talk,0,0,0,0.19458902,0.3891781,0.77835613489151
pose_guided,hgnet_explicit_region_scalar_mask_gate,gZ_36_s4_2019-04-03T15;01;29+02;00__masked__dist__00198,gZ_36_s4_2019-04-03T15;01;29+02;00__masked__dist__00198,test_masked,talk,clip,0,0.5290696620941162,0.4709303379058838,0,1,0.52906966,0.058139324,0.7227163314819336,0.2772836685180664,0,1,0.72271633,0.44543266,talk,0,0,0,0.19364667,0.38729334,0.7745866775512695
pose_guided,hgnet_explicit_region_scalar_mask_gate,gC_12_s1_2019-03-13T10;23;45+01;00__masked__dist__00091,gC_12_s1_2019-03-13T10;23;45+01;00__masked__dist__00091,test_masked,talk,clip,0,0.7740775942802429,0.2259224355220794,0,1,0.7740776,0.5481552,0.9672841429710388,0.0327158793807029,0,1,0.96728414,0.9345683,talk,0,0,0,0.19320655,0.3864131,0.7728261947631836
pose_guided,hgnet_explicit_region_scalar_mask_gate,gF_25_s4_2019-03-20T10;29;08+01;00__masked__dist__00102,gF_25_s4_2019-03-20T10;29;08+01;00__masked__dist__00102,test_masked,talk,clip,0,0.6566267609596252,0.3433732390403747,0,1,0.65662676,0.31325352,0.8478585481643677,0.1521414369344711,0,1,0.84785855,0.6957171,talk,0,0,0,0.19123179,0.38246357,0.7649271488189697
pose_guided,hgnet_explicit_region_scalar_mask_gate,gZ_37_s4_2019-04-03T15;40;42+02;00__masked__dist__00022,gZ_37_s4_2019-04-03T15;40;42+02;00__masked__dist__00022,test_masked,talk,clip,0,0.5604425072669983,0.4395575523376465,0,1,0.5604425,0.120884955,0.7491646409034729,0.2508353590965271,0,1,0.74916464,0.49832928,talk,0,0,0,0.18872213,0.37744433,0.7548885941505432
pose_guided,hgnet_explicit_region_scalar_mask_gate,gE_30_s3_2019-03-15T10;56;02+01;00__masked__dist__00005,gE_30_s3_2019-03-15T10;56;02+01;00__masked__dist__00005,test_masked,talk,clip,0,0.6413533687591553,0.3586466312408447,0,1,0.64135337,0.28270674,0.8295307755470276,0.1704692393541336,0,1,0.8295308,0.65906155,talk,0,0,0,0.1881774,0.3763548,0.7527096271514893
pose_guided,hgnet_explicit_region_scalar_mask_gate,gB_10_s2_2019-03-11T15;15;21+01;00__masked__dist__00010,gB_10_s2_2019-03-11T15;15;21+01;00__masked__dist__00010,test_masked,talk,clip,0,0.6724810600280762,0.3275189101696014,0,1,0.67248106,0.34496215,0.8605020046234131,0.1394980549812317,0,1,0.860502,0.72100395,talk,0,0,0,0.18802094,0.3760418,0.7520836889743805
pose_guided,hgnet_explicit_region_scalar_mask_gate,gZ_33_s4_2019-04-03T09;22;03+02;00__masked__dist__00020,gZ_33_s4_2019-04-03T09;22;03+02;00__masked__dist__00020,test_masked,talk,clip,0,0.5237485766410828,0.4762514233589172,0,1,0.5237486,0.047497153,0.7117215991020203,0.2882784307003021,0,1,0.7117216,0.42344317,talk,0,0,0,0.18797302,0.37594602,0.7518920600414276
pose_guided,hgnet_explicit_region_scalar_mask_gate,gZ_33_s4_2019-04-02T09;08;46+02;00__masked__dist__00367,gZ_33_s4_2019-04-02T09;08;46+02;00__masked__dist__00367,test_masked,talk,clip,0,0.627914547920227,0.3720854818820953,0,1,0.62791455,0.25582907,0.8112936019897461,0.1887063682079315,0,1,0.8112936,0.6225872,talk,0,0,0,0.18337905,0.36675814,0.7335162460803986
pose_guided,hgnet_explicit_region_scalar_mask_gate,gZ_37_s2_2019-04-08T15;45;15+02;00__masked__dist__00031,gZ_37_s2_2019-04-08T15;45;15+02;00__masked__dist__00031,test_masked,talk,clip,0,0.7758217453956604,0.224178284406662,0,1,0.77582175,0.5516435,0.9559957385063172,0.0440042540431022,0,1,0.95599574,0.9119915,talk,0,0,0,0.180174,0.360348,0.720695972442627
pose_guided,hgnet_explicit_region_scalar_mask_gate,gZ_37_s2_2019-04-08T15;45;15+02;00__masked__dist__00188,gZ_37_s2_2019-04-08T15;45;15+02;00__masked__dist__00188,test_masked,talk,clip,0,0.5171219110488892,0.4828780591487884,0,1,0.5171219,0.034243852,0.695698618888855,0.3043013513088226,0,1,0.6956986,0.39139727,talk,0,0,0,0.17857671,0.35715342,0.7143068313598633
pose_guided,hgnet_explicit_region_scalar_mask_gate,gZ_33_s1_2019-04-08T10;08;19+02;00__masked__dist__00055,gZ_33_s1_2019-04-08T10;08;19+02;00__masked__dist__00055,test_masked,talk,clip,0,0.5213437080383301,0.4786563217639923,0,1,0.5213437,0.042687386,0.6999198198318481,0.3000801801681518,0,1,0.6999198,0.39983964,talk,0,0,0,0.17857611,0.35715225,0.7143044769763947
pose_guided,hgnet_explicit_region_scalar_mask_gate,gZ_33_s4_2019-04-03T09;22;03+02;00__masked__dist__00303,gZ_33_s4_2019-04-03T09;22;03+02;00__masked__dist__00303,test_masked,talk,clip,0,0.6332138776779175,0.3667861521244049,0,1,0.6332139,0.26642773,0.810462236404419,0.1895377337932586,0,1,0.81046224,0.6209245,talk,0,0,0,0.17724836,0.35449675,0.7089934647083282
pose_guided,hgnet_explicit_region_scalar_mask_gate,gZ_33_s4_2019-04-03T09;22;03+02;00__masked__dist__00324,gZ_33_s4_2019-04-03T09;22;03+02;00__masked__dist__00324,test_masked,talk,clip,0,0.5618600249290466,0.438139945268631,0,1,0.56186,0.12372008,0.7378557920455933,0.2621442079544067,0,1,0.7378558,0.47571158,talk,0,0,0,0.17599577,0.3519915,0.7039830386638641
pose_guided,hgnet_explicit_region_scalar_mask_gate,gZ_33_s1_2019-04-08T16;18;54+02;00__masked__dist__00051,gZ_33_s1_2019-04-08T16;18;54+02;00__masked__dist__00051,test_masked,talk,clip,0,0.6399257183074951,0.3600742816925049,0,1,0.6399257,0.27985144,0.8146660327911377,0.1853340119123459,0,1,0.81466603,0.629332,talk,0,0,0,0.17474031,0.34948057,0.6989611983299255
pose_guided,hgnet_explicit_region_scalar_mask_gate,gZ_37_s4_2019-04-03T15;40;42+02;00__masked__dist__00001,gZ_37_s4_2019-04-03T15;40;42+02;00__masked__dist__00001,test_masked,talk,clip,0,0.6921045780181885,0.3078954219818115,0,1,0.6921046,0.38420916,0.8655481338500977,0.1344519108533859,0,1,0.86554813,0.7310962,talk,0,0,0,0.17344356,0.34688705,0.6937741637229919
pose_guided,hgnet_explicit_region_scalar_mask_gate,gZ_37_s4_2019-04-03T15;40;42+02;00__masked__dist__00069,gZ_37_s4_2019-04-03T15;40;42+02;00__masked__dist__00069,test_masked,talk,clip,0,0.6605165004730225,0.3394834995269775,0,1,0.6605165,0.321033,0.8337039947509766,0.1662960052490234,0,1,0.833704,0.667408,talk,0,0,0,0.1731875,0.346375,0.6927499771118164
pose_guided,hgnet_explicit_region_scalar_mask_gate,gZ_37_s4_2019-04-03T15;40;42+02;00__masked__dist__00292,gZ_37_s4_2019-04-03T15;40;42+02;00__masked__dist__00292,test_masked,talk,clip,0,0.5560545921325684,0.443945437669754,0,1,0.5560546,0.112109154,0.7287159562110901,0.2712840437889099,0,1,0.72871596,0.4574319,talk,0,0,0,0.17266136,0.34532276,0.6906454861164093
pose_guided,hgnet_explicit_region_scalar_mask_gate,gB_10_s1_2019-03-11T15;24;54+01;00__masked__dist__00004,gB_10_s1_2019-03-11T15;24;54+01;00__masked__dist__00004,test_masked,talk,clip,0,0.6525278091430664,0.3474721610546112,0,1,0.6525278,0.30505565,0.8224103450775146,0.1775896847248077,0,1,0.82241035,0.6448207,talk,0,0,0,0.16988254,0.33976504,0.6795301139354706
