baseline,ours_model,sample_id,clip_id,split,head,level,y_true,base_prob_0,base_prob_1,base_prob_2,base_prob_3,base_y_pred,base_correct,base_true_prob,base_margin,ours_prob_0,ours_prob_1,ours_prob_2,ours_prob_3,ours_y_pred,ours_correct,ours_true_prob,ours_margin,head_name,base_wrong_ours_correct,ours_wrong_base_correct,label_disagree,true_prob_gain,margin_gain,showcase_score
pose_guided,task_region_scalar_gated_late,gZ_37_s4_2019-04-03T15;40;42+02;00__masked__dist__00169,gZ_37_s4_2019-04-03T15;40;42+02;00__masked__dist__00169,test_masked,hands,clip,1,0.1760377436876297,0.3040222525596618,0.4319922924041748,0.0879477709531784,2,0,0.30402225,0.12797004,0.0037848693318665,0.9946340322494508,7.670734703424387e-06,0.0015733813634142,1,1,0.99463403,0.99084914,hands,1,0,1,0.6906118,0.8628791,8.244102656841278
pose_guided,task_region_scalar_gated_late,gC_13_s4_2019-03-25T10;02;04+01;00__masked__dist__00006,gC_13_s4_2019-03-25T10;02;04+01;00__masked__dist__00006,test_masked,hands,clip,1,0.0024480319116264,0.3614084422588348,0.0104196779429912,0.6257238984107971,3,0,0.36140844,0.26431546,9.961261093849316e-05,0.9968796968460084,0.0006960300379432,0.0023246086202561,1,1,0.9968797,0.9945551,hands,1,0,1,0.6354712,0.7302396,8.001182079315186
pose_guided,task_region_scalar_gated_late,gC_13_s2_2019-03-04T10;11;37+01;00__masked__dist__00257,gC_13_s2_2019-03-04T10;11;37+01;00__masked__dist__00257,test_masked,hands,clip,2,0.6643995046615601,0.0009037328418344,0.3346904218196869,6.318244686553953e-06,0,0,0.33469042,0.32970908,0.0005204862100072,0.0002070742484647,0.9984006881713868,0.0008717237506061,2,1,0.9984007,0.997529,hands,1,0,1,0.66371024,0.66781986,7.995240330696106
pose_guided,task_region_scalar_gated_late,gC_13_s2_2019-03-04T10;11;37+01;00__masked__dist__00256,gC_13_s2_2019-03-04T10;11;37+01;00__masked__dist__00256,test_masked,hands,clip,2,0.6007871627807617,0.0018427543109282,0.3973581790924072,1.190794228023151e-05,0,0,0.39735818,0.20342898,0.000659076613374,0.0002538987318985,0.9970508217811584,0.0020362171344459,2,1,0.9970508,0.9950146,hands,1,0,1,0.59969264,0.7915856,7.9909709095954895
pose_guided,task_region_scalar_gated_late,gA_5_s1_2019-03-08T10;57;00+01;00__masked__dist__00028,gA_5_s1_2019-03-08T10;57;00+01;00__masked__dist__00028,test_masked,hands,clip,2,0.5107643008232117,0.0383741520345211,0.450344979763031,0.0005164833855815,0,0,0.45034498,0.06041932,0.0099119208753108,6.725520506734028e-05,0.9795048236846924,0.0105159617960453,2,1,0.9795048,0.96898884,hands,1,0,1,0.52915984,0.9085695,7.966889202594757
pose_guided,task_region_scalar_gated_late,gZ_33_s4_2019-04-03T09;22;03+02;00__masked__dist__00001,gZ_33_s4_2019-04-03T09;22;03+02;00__masked__dist__00001,test_masked,hands,clip,0,0.2006194442510604,0.4340960681438446,0.0055800839327275,0.3597044646739959,1,0,0.20061944,0.0743916,0.8301455974578857,0.0651369839906692,0.0385331287980079,0.0661842375993728,0,1,0.8301456,0.7639614,hands,1,0,1,0.62952614,0.6895698,7.948622047901154
pose_guided,task_region_scalar_gated_late,gZ_33_s2_2019-04-08T16;09;44+02;00__masked__dist__00415,gZ_33_s2_2019-04-08T16;09;44+02;00__masked__dist__00415,test_masked,hands,clip,2,0.7123563885688782,0.2214990854263305,0.0480889417231082,0.018055597320199,0,0,0.04808894,0.4908573,0.057258516550064,0.0011473482009023,0.8628764152526855,0.07871775329113,2,1,0.8628764,0.78415865,hands,1,0,1,0.81478745,0.29330134,7.922876238822937
pose_guided,task_region_scalar_gated_late,gA_5_s1_2019-03-08T10;57;00+01;00__masked__dist__00029,gA_5_s1_2019-03-08T10;57;00+01;00__masked__dist__00029,test_masked,hands,clip,2,0.9080582857131958,0.0285376645624637,0.0631730556488037,0.0002309644478373,0,0,0.063173056,0.84488523,0.0193852335214614,0.0001431193959433,0.9617802500724792,0.0186914540827274,2,1,0.96178025,0.94239503,hands,1,0,1,0.8986072,0.0975098,7.894724190235138
pose_guided,task_region_scalar_gated_late,gB_10_s2_2019-03-11T15;15;21+01;00__masked__dist__00359,gB_10_s2_2019-03-11T15;15;21+01;00__masked__dist__00359,test_masked,hands,clip,2,0.7874854207038879,0.0027600738685578,0.2096771746873855,7.737974374322221e-05,0,0,0.20967717,0.57780826,0.0272145606577396,9.453250095248222e-05,0.9681859612464904,0.004504938609898,2,1,0.96818596,0.9409714,hands,1,0,1,0.7585088,0.3631631,7.880180716514587
pose_guided,task_region_scalar_gated_late,gB_10_s2_2019-03-11T15;15;21+01;00__masked__dist__00358,gB_10_s2_2019-03-11T15;15;21+01;00__masked__dist__00358,test_masked,hands,clip,2,0.7868931889533997,0.0026759631000459,0.2101883739233017,0.0002425283164484,0,0,0.21018837,0.5767048,0.0290798246860504,9.366751328343526e-05,0.966073989868164,0.0047525111585855,2,1,0.966074,0.9369942,hands,1,0,1,0.7558856,0.3602894,7.872060596942902
pose_guided,task_region_scalar_gated_late,gA_5_s3_2019-03-13T09;10;35+01;00__masked__dist__00002,gA_5_s3_2019-03-13T09;10;35+01;00__masked__dist__00002,test_masked,hands,clip,0,0.4595903754234314,9.530743409413844e-05,0.5395466685295105,0.0007676593377254,2,0,0.45959038,0.07995629,0.9639419317245485,0.0016788754146546,0.0335849821567535,0.0007941520307213,0,1,0.96394193,0.930357,hands,1,0,1,0.50435156,0.8504007,7.859103798866272
pose_guided,task_region_scalar_gated_late,gZ_33_s2_2019-04-08T16;09;44+02;00__masked__dist__00414,gZ_33_s2_2019-04-08T16;09;44+02;00__masked__dist__00414,test_masked,hands,clip,2,0.7372400760650635,0.2090777456760406,0.0416729561984539,0.0120092388242483,0,0,0.041672956,0.52816236,0.0649150535464286,0.0011754058068618,0.8506190776824951,0.0832904651761055,2,1,0.8506191,0.7673286,hands,1,0,1,0.80894613,0.23916626,7.857058525085449
pose_guided,task_region_scalar_gated_late,gE_30_s2_2019-03-15T10;43;40+01;00__masked__dist__00220,gE_30_s2_2019-03-15T10;43;40+01;00__masked__dist__00220,test_masked,hands,clip,2,0.6778695583343506,0.0091151250526309,0.2811515033245086,0.0318638496100902,0,0,0.2811515,0.39671806,0.0408302769064903,0.0005560935242101,0.949965476989746,0.0086481105536222,2,1,0.9499655,0.9091352,hands,1,0,1,0.66881394,0.5124172,7.850045084953308
pose_guided,task_region_scalar_gated_late,gZ_33_s2_2019-04-08T16;09;44+02;00__masked__dist__00001,gZ_33_s2_2019-04-08T16;09;44+02;00__masked__dist__00001,test_masked,hands,clip,0,0.2551976144313812,0.0059700366109609,0.7387149333953857,0.0001173965720226,2,0,0.2551976,0.48351732,0.9512786865234376,0.0135793490335345,0.0190413072705268,0.0161007232964038,0,1,0.9512787,0.9322374,hands,1,0,1,0.69608104,0.44872007,7.8408821523189545
pose_guided,task_region_scalar_gated_late,gB_10_s1_2019-03-11T15;24;54+01;00__masked__dist__00005,gB_10_s1_2019-03-11T15;24;54+01;00__masked__dist__00005,test_masked,hands,clip,0,0.3948819637298584,0.1228041648864746,0.0003536172444,0.4819602370262146,3,0,0.39488196,0.08707827,0.909730076789856,0.0517447590827941,3.798304533120245e-05,0.0384871922433376,0,1,0.9097301,0.8579853,hands,1,0,1,0.5148481,0.77090704,7.800603270530701
pose_guided,task_region_scalar_gated_late,gB_10_s2_2019-03-11T15;15;21+01;00__masked__dist__00363,gB_10_s2_2019-03-11T15;15;21+01;00__masked__dist__00363,test_masked,hands,clip,2,0.6429005265235901,0.0065594585612416,0.3499896228313446,0.0005503869615495,0,0,0.34998962,0.2929109,0.0511261448264122,0.0001340351445833,0.942230463027954,0.0065093655139207,2,1,0.94223046,0.89110434,hands,1,0,1,0.5922408,0.5981934,7.78267502784729
pose_guided,task_region_scalar_gated_late,gB_10_s2_2019-03-11T15;15;21+01;00__masked__dist__00354,gB_10_s2_2019-03-11T15;15;21+01;00__masked__dist__00354,test_masked,hands,clip,0,0.2920674979686737,0.0043837763369083,0.7031362652778625,0.0004125318082515,2,0,0.2920675,0.41106877,0.9361743927001952,0.0191958993673324,0.034549593925476,0.0100801577791571,0,1,0.9361744,0.9016248,hands,1,0,1,0.64410686,0.49055603,7.778769761323929
pose_guided,task_region_scalar_gated_late,gC_12_s4_2019-03-21T09;33;21+01;00__masked__dist__00014,gC_12_s4_2019-03-21T09;33;21+01;00__masked__dist__00014,test_masked,hands,clip,0,0.1788970828056335,0.0003718667430803,0.820423424243927,0.0003076383145526,2,0,0.17889708,0.64152634,0.9292919635772704,0.0465079508721828,0.0196674987673759,0.0045325718820095,0,1,0.92929196,0.882784,hands,1,0,1,0.7503949,0.24125767,7.742047429084778
pose_guided,task_region_scalar_gated_late,gZ_33_s2_2019-04-08T09;59;25+02;00__masked__dist__00003,gZ_33_s2_2019-04-08T09;59;25+02;00__masked__dist__00003,test_masked,hands,clip,0,0.4474699795246124,0.003742441534996,0.5475107431411743,0.0012768812011927,2,0,0.44746998,0.10004076,0.927820086479187,0.0062911454588174,0.0098413117229938,0.0560474321246147,0,1,0.9278201,0.87177265,hands,1,0,1,0.4803501,0.77173185,7.732432067394257
pose_guided,task_region_scalar_gated_late,gZ_33_s2_2019-04-08T16;09;44+02;00__masked__dist__00028,gZ_33_s2_2019-04-08T16;09;44+02;00__masked__dist__00028,test_masked,hands,clip,0,0.1763201355934143,0.0007847218075767,0.8211140632629395,0.0017811186844483,2,0,0.17632014,0.6447939,0.9192376732826232,0.0166546292603015,0.0375296995043754,0.0265780501067638,0,1,0.9192377,0.88170797,hands,1,0,1,0.74291754,0.23691404,7.72274911403656
pose_guided,task_region_scalar_gated_late,gA_5_s2_2019-03-08T10;46;46+01;00__masked__dist__00182,gA_5_s2_2019-03-08T10;46;46+01;00__masked__dist__00182,test_masked,hands,clip,0,0.2570793926715851,0.0007154353079386,0.7420176267623901,0.000187568963156,2,0,0.2570794,0.48493823,0.9220074415206908,0.0056478073820471,0.0587744042277336,0.0135702975094318,0,1,0.92200744,0.86323303,hands,1,0,1,0.6649281,0.3782948,7.708150953054428
pose_guided,task_region_scalar_gated_late,gZ_36_s2_2019-04-09T10;39;38+02;00__masked__dist__00445,gZ_36_s2_2019-04-09T10;39;38+02;00__masked__dist__00445,test_masked,hands,clip,2,0.7003301978111267,0.0001577986404299,0.298313707113266,0.0011983348522335,0,0,0.2983137,0.4020165,0.071780577301979,0.0029482594691216,0.9247007966041564,0.0005703812930732,2,1,0.9247008,0.85292023,hands,1,0,1,0.6263871,0.45090374,7.703677982091904
pose_guided,task_region_scalar_gated_late,gC_13_s2_2019-03-04T10;11;37+01;00__masked__dist__00157,gC_13_s2_2019-03-04T10;11;37+01;00__masked__dist__00157,test_masked,hands,clip,1,0.002537558786571,0.325205385684967,9.877028060145676e-05,0.6721583008766174,3,0,0.3252054,0.34695292,0.0019634598866105,0.9190542697906494,0.0035633300431072,0.0754190012812614,1,1,0.91905427,0.84363526,hands,1,0,1,0.5938489,0.49668235,7.684380114078522
pose_guided,task_region_scalar_gated_late,gC_12_s4_2019-03-21T09;33;21+01;00__masked__dist__00140,gC_12_s4_2019-03-21T09;33;21+01;00__masked__dist__00140,test_masked,hands,clip,0,0.2984867691993713,0.0002993993693962,0.6992233991622925,0.0019904165528714,2,0,0.29848677,0.40073663,0.9109098315238952,0.0235570259392261,0.0598488748073577,0.0056842523626983,0,1,0.91090983,0.851061,hands,1,0,1,0.61242306,0.45032436,7.675170481204987
pose_guided,task_region_scalar_gated_late,gC_13_s2_2019-03-04T10;11;37+01;00__masked__dist__00005,gC_13_s2_2019-03-04T10;11;37+01;00__masked__dist__00005,test_masked,hands,clip,0,0.1671904027462005,0.0072325528599321,0.8236361145973206,0.0019409450469538,2,0,0.1671904,0.65644574,0.9017537832260132,0.0460897535085678,0.0135297207161784,0.0386267863214015,0,1,0.9017538,0.855664,hands,1,0,1,0.73456335,0.19921827,7.668344974517822
pose_guided,task_region_scalar_gated_late,gA_5_s3_2019-03-13T09;10;35+01;00__masked__dist__00024,gA_5_s3_2019-03-13T09;10;35+01;00__masked__dist__00024,test_masked,hands,clip,0,0.3692250847816467,7.673280197195709e-05,0.630419135093689,0.0002790701691992,2,0,0.36922508,0.26119405,0.9137560129165648,0.0027743361424654,0.080345332622528,0.0031243064440786,0,1,0.913756,0.8334107,hands,1,0,1,0.5445309,0.57221663,7.661278486251831
pose_guided,task_region_scalar_gated_late,gB_10_s2_2019-03-11T15;15;21+01;00__masked__dist__00100,gB_10_s2_2019-03-11T15;15;21+01;00__masked__dist__00100,test_masked,hands,clip,0,0.2766630351543426,0.2860102355480194,0.0052362224087119,0.4320904910564422,3,0,0.27666304,0.14608026,0.8273615837097168,0.0292351804673671,0.0052281031385064,0.1381751298904419,0,1,0.8273616,0.68918645,hands,1,0,1,0.5506985,0.5431062,7.644503235816956
pose_guided,task_region_scalar_gated_late,gZ_33_s2_2019-04-08T16;09;44+02;00__masked__dist__00408,gZ_33_s2_2019-04-08T16;09;44+02;00__masked__dist__00408,test_masked,hands,clip,2,0.9946330189704896,0.0003551850677467,0.0049861636944115,2.56173916568514e-05,0,0,0.0049861637,0.98964685,0.0710506960749626,0.0003829520137514,0.9023767709732056,0.0261896289885044,2,1,0.9023768,0.83132607,hands,1,0,1,0.8973906,-0.15832078,7.6364604234695435
pose_guided,task_region_scalar_gated_late,gC_12_s2_2019-03-13T10;14;41+01;00__masked__dist__00305,gC_12_s2_2019-03-13T10;14;41+01;00__masked__dist__00305,test_masked,hands,clip,0,0.3963771760463714,0.54071444272995,0.0523663163185119,0.0105420760810375,1,0,0.39637718,0.14433727,0.8816322684288025,0.0864001810550689,0.0135888764634728,0.0183786265552043,0,1,0.88163227,0.79523206,hands,1,0,1,0.4852551,0.65089476,7.621404945850372
pose_guided,task_region_scalar_gated_late,gB_10_s2_2019-03-11T15;15;21+01;00__masked__dist__00209,gB_10_s2_2019-03-11T15;15;21+01;00__masked__dist__00209,test_masked,hands,clip,0,0.2681164145469665,0.6881920695304871,0.0003169714764226,0.043374553322792,1,0,0.2681164,0.42007565,0.8758509755134583,0.0629828795790672,0.0133410599082708,0.0478250719606876,0,1,0.875851,0.8128681,hands,1,0,1,0.60773456,0.39279246,7.608261585235596
pose_guided,task_region_scalar_gated_late,gZ_36_s4_2019-04-03T15;01;29+02;00__masked__dist__00073,gZ_36_s4_2019-04-03T15;01;29+02;00__masked__dist__00073,test_masked,hands,clip,1,0.7015281915664673,0.2466029673814773,0.0029343208298087,0.0489345043897628,0,0,0.24660297,0.45492524,0.1118520051240921,0.8762645721435547,0.0032530045136809,0.0086304154247045,1,1,0.8762646,0.7644126,hands,1,0,1,0.6296616,0.30948734,7.56881058216095
pose_guided,task_region_scalar_gated_late,gZ_33_s2_2019-04-08T16;09;44+02;00__masked__dist__00027,gZ_33_s2_2019-04-08T16;09;44+02;00__masked__dist__00027,test_masked,hands,clip,0,0.260197252035141,0.0023337348829954,0.7371492385864258,0.0003197991463821,2,0,0.26019725,0.476952,0.8597400784492493,0.0131668969988822,0.0731253176927566,0.0539676733314991,0,1,0.8597401,0.7866148,hands,1,0,1,0.59954286,0.3096628,7.50874850153923
pose_guided,task_region_scalar_gated_late,gC_13_s2_2019-03-04T10;11;37+01;00__masked__dist__00028,gC_13_s2_2019-03-04T10;11;37+01;00__masked__dist__00028,test_masked,hands,clip,0,0.1025234386324882,0.0471574105322361,0.2208021432161331,0.6295170783996582,3,0,0.10252344,0.40871495,0.7464361190795898,0.0245883222669363,0.0857240706682205,0.1432515233755111,0,1,0.7464361,0.6031846,hands,1,0,1,0.6439127,0.19446963,7.482294976711273
pose_guided,task_region_scalar_gated_late,gE_30_s1_2019-03-15T10;58;06+01;00__masked__dist__00052,gE_30_s1_2019-03-15T10;58;06+01;00__masked__dist__00052,test_masked,hands,clip,0,0.1542712897062301,0.8451681733131409,0.0004497022018767,0.0001107509087887,1,0,0.15427129,0.69089687,0.8626199960708618,0.1190105527639389,0.0122957518324255,0.0060736909508705,0,1,0.86262,0.7436094,hands,1,0,1,0.7083487,0.05271256,7.469409942626953
pose_guided,task_region_scalar_gated_late,gZ_33_s2_2019-04-08T16;09;44+02;00__masked__dist__00324,gZ_33_s2_2019-04-08T16;09;44+02;00__masked__dist__00324,test_masked,hands,clip,2,0.5044616460800171,0.0001563969271956,0.494592934846878,0.0007890284759923,0,0,0.49459293,0.009868711,0.1131066083908081,0.0006614387966692,0.8524395227432251,0.0337923914194107,2,1,0.8524395,0.7393329,hands,1,0,1,0.3578466,0.7294642,7.44515734910965
pose_guided,task_region_scalar_gated_late,gZ_33_s2_2019-04-08T16;09;44+02;00__masked__dist__00302,gZ_33_s2_2019-04-08T16;09;44+02;00__masked__dist__00302,test_masked,hands,clip,2,0.6239360570907593,9.581119229551403e-05,0.3753885626792907,0.0005796313052996,0,0,0.37538856,0.2485475,0.0969479903578758,0.000741412048228,0.8344776034355164,0.0678330287337303,2,1,0.8344776,0.73752964,hands,1,0,1,0.45908904,0.48898214,7.407160222530365
pose_guided,task_region_scalar_gated_late,gZ_33_s4_2019-04-03T09;22;03+02;00__masked__dist__00021,gZ_33_s4_2019-04-03T09;22;03+02;00__masked__dist__00021,test_masked,hands,clip,0,0.3939998745918274,0.5092648267745972,0.0073825968429446,0.0893527492880821,1,0,0.39399987,0.11526495,0.7900581359863281,0.051398865878582,0.0880829095840454,0.0704601407051086,0,1,0.79005814,0.7019752,hands,1,0,1,0.39605826,0.5867103,7.378826797008514
pose_guided,task_region_scalar_gated_late,gZ_36_s1_2019-04-09T10;55;20+02;00__masked__dist__00006,gZ_36_s1_2019-04-09T10;55;20+02;00__masked__dist__00006,test_masked,hands,clip,1,0.0131623977795243,0.3141728341579437,0.6489105224609375,0.0237542912364006,2,0,0.31417283,0.3347377,0.0464623607695102,0.8119698762893677,0.0293130576610565,0.1122547015547752,1,1,0.8119699,0.6997152,hands,1,0,1,0.49779704,0.3649775,7.360571593046188
pose_guided,task_region_scalar_gated_late,gZ_33_s2_2019-04-08T16;09;44+02;00__masked__dist__00304,gZ_33_s2_2019-04-08T16;09;44+02;00__masked__dist__00304,test_masked,hands,clip,2,0.9920400381088256,0.0040487800724804,0.0031307297758758,0.0007804562337696,0,0,0.0031307298,0.9879913,0.1292507797479629,0.000612401170656,0.8257824182510376,0.0443544201552867,2,1,0.8257824,0.69653165,hands,1,0,1,0.8226517,-0.29145962,7.3538437485694885
pose_guided,task_region_scalar_gated_late,gC_12_s2_2019-03-13T10;14;41+01;00__masked__dist__00070,gC_12_s2_2019-03-13T10;14;41+01;00__masked__dist__00070,test_masked,hands,clip,1,0.623705267906189,0.3716169595718384,0.0009331520413979,0.0037446334026753,0,0,0.37161696,0.2520883,0.1639082133769989,0.8342932462692261,6.16100151091814e-05,0.0017369168344885,1,1,0.83429325,0.670385,hands,1,0,1,0.4626763,0.4182967,7.34364926815033
pose_guided,task_region_scalar_gated_late,gE_30_s1_2019-03-15T10;58;06+01;00__masked__dist__00051,gE_30_s1_2019-03-15T10;58;06+01;00__masked__dist__00051,test_masked,hands,clip,0,0.09270591288805,0.9069599509239196,0.0002929029578808,4.122188329347409e-05,1,0,0.09270591,0.81425405,0.821715235710144,0.1441578119993209,0.0253064483404159,0.0088205561041831,0,1,0.82171524,0.6775574,hands,1,0,1,0.72900933,-0.13669664,7.321322023868561
pose_guided,task_region_scalar_gated_late,gZ_33_s4_2019-04-03T09;22;03+02;00__masked__dist__00020,gZ_33_s4_2019-04-03T09;22;03+02;00__masked__dist__00020,test_masked,hands,clip,0,0.3856753706932068,0.5098555088043213,0.006245837546885,0.0982232987880706,1,0,0.38567537,0.12418014,0.7653697729110718,0.0654003620147705,0.0927690491080284,0.0764608159661293,0,1,0.7653698,0.67260075,hands,1,0,1,0.3796944,0.5484206,7.307809412479401
pose_guided,task_region_scalar_gated_late,gZ_33_s4_2019-04-02T09;08;46+02;00__masked__dist__00367,gZ_33_s4_2019-04-02T09;08;46+02;00__masked__dist__00367,test_masked,hands,clip,2,0.4319592714309692,0.0145129105076193,0.2514067590236664,0.3021210730075836,0,0,0.25140676,0.1298382,0.106114774942398,0.0085964947938919,0.696645975112915,0.1886427402496338,2,1,0.696646,0.50800323,hands,1,0,1,0.44523922,0.37816504,7.268643468618393
pose_guided,task_region_scalar_gated_late,gZ_36_s1_2019-04-09T10;55;20+02;00__masked__dist__00046,gZ_36_s1_2019-04-09T10;55;20+02;00__masked__dist__00046,test_masked,hands,clip,0,0.3988467156887054,0.0168665703386068,0.5841759443283081,0.0001107226926251,2,0,0.39884672,0.18532923,0.7923551797866821,0.125916987657547,0.0163101591169834,0.0654176995158195,0,1,0.7923552,0.6664382,hands,1,0,1,0.39350846,0.481109,7.268125921487808
pose_guided,task_region_scalar_gated_late,gA_5_s2_2019-03-08T10;46;46+01;00__masked__dist__00254,gA_5_s2_2019-03-08T10;46;46+01;00__masked__dist__00254,test_masked,hands,clip,2,0.5085362195968628,0.0208188910037279,0.4395884275436401,0.0310564693063497,0,0,0.43958843,0.06894779,0.1217609345912933,0.0016272377688437,0.7669247984886169,0.1096870452165603,2,1,0.7669248,0.6451639,hands,1,0,1,0.32733637,0.5762161,7.230888843536377
pose_guided,task_region_scalar_gated_late,gE_30_s2_2019-03-15T10;43;40+01;00__masked__dist__00219,gE_30_s2_2019-03-15T10;43;40+01;00__masked__dist__00219,test_masked,hands,clip,2,0.536777138710022,0.0367962345480918,0.4166826605796814,0.0097439773380756,0,0,0.41668266,0.12009448,0.1972970962524414,0.0032724351622164,0.791269063949585,0.0081614144146442,2,1,0.79126906,0.59397197,hands,1,0,1,0.3745864,0.4738775,7.22305029630661
pose_guided,task_region_scalar_gated_late,gB_10_s2_2019-03-11T15;15;21+01;00__masked__dist__00125,gB_10_s2_2019-03-11T15;15;21+01;00__masked__dist__00125,test_masked,hands,clip,0,0.0304820947349071,0.5064222812652588,0.0002741886419244,0.4628214240074157,1,0,0.030482095,0.043600857,0.5233901739120483,0.2028867602348327,0.0255085099488496,0.2482146024703979,0,1,0.5233902,0.27517557,hands,1,0,1,0.4929081,0.23157471,7.2173908948898315
pose_guided,task_region_scalar_gated_late,gC_13_s2_2019-03-04T10;11;37+01;00__masked__dist__00294,gC_13_s2_2019-03-04T10;11;37+01;00__masked__dist__00294,test_masked,hands,clip,0,0.0327585600316524,0.0035203387960791,0.0435120202600955,0.9202090501785278,3,0,0.03275856,0.876697,0.7514495253562927,0.0516765192151069,0.1325970739126205,0.0642769038677215,0,1,0.7514495,0.61885244,hands,1,0,1,0.718691,-0.25784457,7.179537415504456
pose_guided,task_region_scalar_gated_late,gA_5_s3_2019-03-13T09;10;35+01;00__masked__dist__00023,gA_5_s3_2019-03-13T09;10;35+01;00__masked__dist__00023,test_masked,hands,clip,0,0.4663260281085968,7.216940866783261e-05,0.5333638191223145,0.0002379645302426,2,0,0.46632603,0.06703779,0.7904371023178101,0.0018034831155091,0.203054279088974,0.0047050565481185,0,1,0.7904371,0.5873828,hands,1,0,1,0.32411107,0.520345,7.1685671210289
pose_guided,task_region_scalar_gated_late,gZ_33_s2_2019-04-08T16;09;44+02;00__masked__dist__00322,gZ_33_s2_2019-04-08T16;09;44+02;00__masked__dist__00322,test_masked,hands,clip,2,0.8136186599731445,0.0001299680297961,0.1857615113258361,0.0004898718907497,0,0,0.18576151,0.62785715,0.1191397607326507,0.0035988939926028,0.761652946472168,0.1156084164977073,2,1,0.76165295,0.64251316,hands,1,0,1,0.57589144,0.014656007,7.16643887758255
pose_guided,task_region_scalar_gated_late,gZ_36_s4_2019-04-03T15;01;29+02;00__masked__dist__00100,gZ_36_s4_2019-04-03T15;01;29+02;00__masked__dist__00100,test_masked,hands,clip,1,0.381503015756607,0.3011314272880554,0.0199767388403415,0.297388881444931,0,0,0.30113143,0.08037159,0.2746385931968689,0.7041118144989014,0.0119382003322243,0.0093113407492637,1,1,0.7041118,0.42947322,hands,1,0,1,0.4029804,0.34910163,7.155062407255173
pose_guided,task_region_scalar_gated_late,gA_5_s2_2019-03-08T10;46;46+01;00__masked__dist__00255,gA_5_s2_2019-03-08T10;46;46+01;00__masked__dist__00255,test_masked,hands,clip,2,0.5534513592720032,0.0440335497260093,0.3393540978431701,0.0631609931588172,0,0,0.3393541,0.21409726,0.1164839193224906,0.0019281154964119,0.7281121015548706,0.1534758806228637,2,1,0.7281121,0.5746362,hands,1,0,1,0.388758,0.36053896,7.138054966926575
pose_guided,task_region_scalar_gated_late,gZ_33_s2_2019-04-08T16;09;44+02;00__masked__dist__00400,gZ_33_s2_2019-04-08T16;09;44+02;00__masked__dist__00400,test_masked,hands,clip,2,0.6080517172813416,0.0041824164800345,0.3847558796405792,0.003010026179254,0,0,0.38475588,0.22329584,0.040885791182518,0.0014388465788215,0.7481062412261963,0.2095691561698913,2,1,0.74810624,0.5385371,hands,1,0,1,0.36335036,0.31524125,7.041941970586777
pose_guided,task_region_scalar_gated_late,gC_12_s2_2019-03-13T10;14;41+01;00__masked__dist__00073,gC_12_s2_2019-03-13T10;14;41+01;00__masked__dist__00073,test_masked,hands,clip,1,0.5539251565933228,0.4378697872161865,0.0009156915475614,0.0072893933393061,0,0,0.4378698,0.11605537,0.2407381683588028,0.756930947303772,8.768001134740189e-05,0.0022431728430092,1,1,0.75693095,0.5161928,hands,1,0,1,0.31906116,0.40013742,7.038259744644165
pose_guided,task_region_scalar_gated_late,gZ_37_s4_2019-04-03T15;40;42+02;00__masked__dist__00087,gZ_37_s4_2019-04-03T15;40;42+02;00__masked__dist__00087,test_masked,hands,clip,1,0.5103747844696045,0.4891298413276672,0.000445318990387,5.004414197173901e-05,0,0,0.48912984,0.021244943,0.2113765180110931,0.7358858585357666,0.0007569481385871,0.051980622112751,1,1,0.73588586,0.5245093,hands,1,0,1,0.24675602,0.50326437,6.9967764019966125
pose_guided,task_region_scalar_gated_late,gC_12_s2_2019-03-13T10;14;41+01;00__masked__dist__00077,gC_12_s2_2019-03-13T10;14;41+01;00__masked__dist__00077,test_masked,hands,clip,1,0.7554556131362915,0.2239417135715484,0.0077068442478775,0.0128958579152822,0,0,0.22394171,0.5315139,0.2547029852867126,0.7424327731132507,9.0401794295758e-05,0.0027738288044929,1,1,0.7424328,0.4877298,hands,1,0,1,0.518491,-0.04378414,6.993197917938232
pose_guided,task_region_scalar_gated_late,gZ_37_s4_2019-04-03T15;40;42+02;00__masked__dist__00290,gZ_37_s4_2019-04-03T15;40;42+02;00__masked__dist__00290,test_masked,hands,clip,2,0.6786097288131714,0.0692977085709571,0.2469099164009094,0.005182608962059,0,0,0.24690992,0.4316998,0.1904774904251098,0.0684477239847183,0.6968294978141785,0.0442453175783157,2,1,0.6968295,0.506352,hands,1,0,1,0.44991958,0.074652195,6.974491357803345
pose_guided,task_region_scalar_gated_late,gZ_33_s2_2019-04-08T09;59;25+02;00__masked__dist__00393,gZ_33_s2_2019-04-08T09;59;25+02;00__masked__dist__00393,test_masked,hands,clip,1,0.6482530236244202,0.3283658921718597,0.0048990990035235,0.018482020124793,0,0,0.3283659,0.31988713,0.0978161394596099,0.7022655606269836,0.0301655530929565,0.1697527468204498,1,1,0.70226556,0.5325128,hands,1,0,1,0.37389967,0.21262565,6.960424989461899
pose_guided,task_region_scalar_gated_late,gC_13_s2_2019-03-04T10;11;37+01;00__masked__dist__00003,gC_13_s2_2019-03-04T10;11;37+01;00__masked__dist__00003,test_masked,hands,clip,0,0.4746464490890503,0.0005544140003621,0.0011077101808041,0.5236914157867432,3,0,0.47464645,0.049044967,0.7165749073028564,0.0476676747202873,0.0383574031293392,0.1974000334739685,0,1,0.7165749,0.5191749,hands,1,0,1,0.24192846,0.4701299,6.953986823558807
pose_guided,task_region_scalar_gated_late,gZ_33_s3_2019-04-04T09;33;20+02;00__masked__dist__00023,gZ_33_s3_2019-04-04T09;33;20+02;00__masked__dist__00023,test_masked,hands,clip,1,0.0038185087032616,0.4399798214435577,0.0025914432480931,0.5536102652549744,3,0,0.43997982,0.113630444,0.0144849065691232,0.7197482585906982,0.0139488149434328,0.2518180012702942,1,1,0.71974826,0.46793026,hands,1,0,1,0.27976844,0.3542998,6.913836687803268
pose_guided,task_region_scalar_gated_late,gZ_33_s2_2019-04-08T16;09;44+02;00__masked__dist__00168,gZ_33_s2_2019-04-08T16;09;44+02;00__masked__dist__00168,test_masked,hands,clip,0,0.093106560409069,0.0005636456771753,0.9052428603172302,0.0010869685793295,2,0,0.09310656,0.8121363,0.6915936470031738,0.0013930615969002,0.1176878958940506,0.1893253922462463,0,1,0.69159365,0.50226825,hands,1,0,1,0.5984871,-0.30986804,6.887106120586395
pose_guided,task_region_scalar_gated_late,gZ_37_s4_2019-04-03T15;40;42+02;00__masked__dist__00116,gZ_37_s4_2019-04-03T15;40;42+02;00__masked__dist__00116,test_masked,hands,clip,0,0.3067988753318786,0.6927761435508728,7.898260082583874e-05,0.0003460050211288,1,0,0.30679888,0.38597727,0.7022000551223755,0.241595983505249,0.014241088181734,0.0419628247618675,0,1,0.70220006,0.46060407,hands,1,0,1,0.39540118,0.0746268,6.865429162979126
pose_guided,task_region_scalar_gated_late,gB_10_s3_2019-03-13T14;22;40+01;00__masked__dist__00017,gB_10_s3_2019-03-13T14;22;40+01;00__masked__dist__00017,test_masked,hands,clip,0,0.1824634075164795,0.4407014846801758,0.0203435141593217,0.3564916253089905,1,0,0.18246341,0.08420986,0.5364256501197815,0.3004834651947021,0.0172242745757102,0.1458665877580642,0,1,0.53642565,0.23594218,hands,1,0,1,0.35396224,0.15173233,6.859656810760498
pose_guided,task_region_scalar_gated_late,gZ_33_s2_2019-04-08T16;09;44+02;00__masked__dist__00323,gZ_33_s2_2019-04-08T16;09;44+02;00__masked__dist__00323,test_masked,hands,clip,2,0.5932018756866455,0.0001087758137146,0.4053709805011749,0.0013183366972953,0,0,0.40537098,0.1878309,0.2830641269683838,0.0011285089422017,0.6826742887496948,0.0331330895423889,2,1,0.6826743,0.39961016,hands,1,0,1,0.2773033,0.21177927,6.76638588309288
pose_guided,task_region_scalar_gated_late,gA_5_s3_2019-03-13T09;10;35+01;00__masked__dist__00003,gA_5_s3_2019-03-13T09;10;35+01;00__masked__dist__00003,test_masked,hands,clip,0,0.4016487002372741,4.37128110206686e-05,0.5982822775840759,2.52823083428666e-05,2,0,0.4016487,0.19663358,0.6786638498306274,0.0031644306145608,0.3097999691963196,0.0083717871457338,0,1,0.67866385,0.36886388,hands,1,0,1,0.27701515,0.1722303,6.726260602474213
pose_guided,task_region_scalar_gated_late,gZ_36_s1_2019-04-09T10;55;20+02;00__masked__dist__00000,gZ_36_s1_2019-04-09T10;55;20+02;00__masked__dist__00000,test_masked,hands,clip,0,0.4133892357349396,0.4411991238594055,0.0963097065687179,0.0491019748151302,1,0,0.41338924,0.027809888,0.5757431387901306,0.1825858950614929,0.0365240052342414,0.2051469981670379,0,1,0.57574314,0.37059614,hands,1,0,1,0.1623539,0.34278625,6.667494058609009
pose_guided,task_region_scalar_gated_late,gZ_36_s2_2019-04-09T10;39;38+02;00__masked__dist__00107,gZ_36_s2_2019-04-09T10;39;38+02;00__masked__dist__00107,test_masked,hands,clip,0,0.481431096792221,0.5171847939491272,0.0003421229193918,0.0010420025791972,1,0,0.4814311,0.035753697,0.6506587266921997,0.3054085671901703,0.011415465734899,0.0325172767043113,0,1,0.6506587,0.34525016,hands,1,0,1,0.16922763,0.30949646,6.647951722145081
pose_guided,task_region_scalar_gated_late,gZ_33_s1_2019-04-08T16;18;54+02;00__masked__dist__00009,gZ_33_s1_2019-04-08T16;18;54+02;00__masked__dist__00009,test_masked,hands,clip,0,0.3148333728313446,0.0026711013633757,0.6822928786277771,0.0002027379523497,2,0,0.31483337,0.3674595,0.643892228603363,0.0037620179355144,0.2930425703525543,0.059303194284439,0,1,0.6438922,0.35084966,hands,1,0,1,0.32905886,-0.016609848,6.641507863998413
pose_guided,task_region_scalar_gated_late,gZ_33_s2_2019-04-08T16;09;44+02;00__masked__dist__00311,gZ_33_s2_2019-04-08T16;09;44+02;00__masked__dist__00311,test_masked,hands,clip,2,0.7577788829803467,0.0591819807887077,0.1590633541345596,0.0239758025854825,0,0,0.15906335,0.59871554,0.1572654694318771,0.0006451358785852,0.5958639979362488,0.246225357055664,2,1,0.595864,0.34963864,hands,1,0,1,0.43680066,-0.2490769,6.624524414539337
pose_guided,task_region_scalar_gated_late,gF_25_s2_2019-03-05T11;00;55+01;00__masked__dist__00343,gF_25_s2_2019-03-05T11;00;55+01;00__masked__dist__00343,test_masked,hands,clip,2,0.8079771995544434,0.0044741155579686,0.1511863023042678,0.0363623946905136,0,0,0.1511863,0.6567909,0.1949609518051147,0.0225330553948879,0.5732522010803223,0.2092538177967071,2,1,0.5732522,0.36399838,hands,1,0,1,0.4220659,-0.29279253,6.55133929848671
pose_guided,task_region_scalar_gated_late,gZ_37_s4_2019-04-03T15;40;42+02;00__masked__dist__00071,gZ_37_s4_2019-04-03T15;40;42+02;00__masked__dist__00071,test_masked,hands,clip,1,0.9030145406723022,0.0938635692000389,0.0026628433261066,0.0004590781172737,0,0,0.09386357,0.809151,0.3305760324001312,0.6218714714050293,0.0044694859534502,0.0430830121040344,1,1,0.6218715,0.29129544,hands,1,0,1,0.5280079,-0.5178555,6.53816032409668
pose_guided,task_region_scalar_gated_late,gA_5_s2_2019-03-08T10;46;46+01;00__masked__dist__00185,gA_5_s2_2019-03-08T10;46;46+01;00__masked__dist__00185,test_masked,hands,clip,0,0.2944968044757843,0.2176878750324249,0.0932628363370895,0.3945525288581848,3,0,0.2944968,0.100055724,0.5042142271995544,0.0279031321406364,0.1728849112987518,0.2949976921081543,0,1,0.5042142,0.20921654,hands,1,0,1,0.20971742,0.10916081,6.52859565615654
pose_guided,task_region_scalar_gated_late,gZ_33_s3_2019-04-04T09;33;20+02;00__masked__dist__00024,gZ_33_s3_2019-04-04T09;33;20+02;00__masked__dist__00024,test_masked,hands,clip,1,0.0056638065725564,0.3705474734306335,0.0064593786373734,0.6173293590545654,3,0,0.37054747,0.24678189,0.0193839631974697,0.5996478796005249,0.0201475955545902,0.3608205914497375,1,1,0.5996479,0.23882729,hands,1,0,1,0.2291004,-0.0079545975,6.450246214866638
pose_guided,task_region_scalar_gated_late,gZ_36_s4_2019-04-03T15;01;29+02;00__masked__dist__00198,gZ_36_s4_2019-04-03T15;01;29+02;00__masked__dist__00198,test_masked,hands,clip,1,0.5983358025550842,0.371584951877594,0.0265211276710033,0.0035581332631409,0,0,0.37158495,0.22675085,0.3521811962127685,0.5857319235801697,0.032174814492464,0.0299120582640171,1,1,0.5857319,0.23355073,hands,1,0,1,0.21414697,0.0067998767,6.435093820095062
pose_guided,task_region_scalar_gated_late,gC_12_s2_2019-03-13T10;14;41+01;00__masked__dist__00141,gC_12_s2_2019-03-13T10;14;41+01;00__masked__dist__00141,test_masked,hands,clip,1,0.5818668603897095,0.4173828065395355,0.0004273074446246,0.0003229812427889,0,0,0.4173828,0.16448405,0.4130093455314636,0.5857993364334106,0.0001049219863489,0.0010863003553822,1,1,0.58579934,0.17278999,hands,1,0,1,0.16841653,0.008305937,6.345138996839523
pose_guided,task_region_scalar_gated_late,gA_5_s4_2019-03-22T11;28;00+01;00__masked__dist__00211,gA_5_s4_2019-03-22T11;28;00+01;00__masked__dist__00211,test_masked,hands,clip,0,0.0984053611755371,0.0016020596958696,0.898517370223999,0.0014752179849892,2,0,0.09840536,0.800112,0.5065224170684814,0.1123495399951934,0.2227682471275329,0.1583597809076309,0,1,0.5065224,0.28375417,hands,1,0,1,0.40811706,-0.51635784,6.299876272678375
pose_guided,task_region_scalar_gated_late,gZ_33_s2_2019-04-08T09;59;25+02;00__masked__dist__00020,gZ_33_s2_2019-04-08T09;59;25+02;00__masked__dist__00020,test_masked,hands,clip,0,0.3947741389274597,0.000702713150531,0.604319155216217,0.0002039892133325,2,0,0.39477414,0.20954502,0.5083527565002441,0.0036582639440894,0.1861048638820648,0.301884114742279,0,1,0.50835276,0.20646864,hands,1,0,1,0.11357862,-0.0030763745,6.224080860614777
pose_guided,task_region_scalar_gated_late,gZ_37_s3_2019-04-29T12;10;11+02;00__masked__dist__00028,gZ_37_s3_2019-04-29T12;10;11+02;00__masked__dist__00028,test_masked,hands,clip,1,0.0068959728814661,0.4728915691375732,0.0037797535769641,0.5164327621459961,3,0,0.47289157,0.043541193,0.0086665470153093,0.5069499015808105,0.0904945135116577,0.3938890099525451,1,1,0.5069499,0.11306089,hands,1,0,1,0.034058332,0.0695197,6.137636363506317
pose_guided,task_region_scalar_gated_late,gA_5_s3_2019-03-13T09;10;35+01;00__masked__dist__00000,gA_5_s3_2019-03-13T09;10;35+01;00__masked__dist__00000,test_masked,hands,clip,0,0.3407266139984131,0.0015166809316724,0.6560629606246948,0.0016937088221311,2,0,0.3407266,0.31533635,0.521522045135498,0.0070252567529678,0.4486755132675171,0.022777147591114,0,1,0.52152205,0.07284653,hands,1,0,1,0.18079543,-0.24248981,6.119101047515869
pose_guided,task_region_scalar_gated_late,gZ_36_s1_2019-04-09T10;55;20+02;00__masked__dist__00005,gZ_36_s1_2019-04-09T10;55;20+02;00__masked__dist__00005,test_masked,hands,clip,1,0.0118486788123846,0.0643182173371315,0.9131836891174316,0.0106494650244712,2,0,0.06431822,0.84886545,0.0458189845085144,0.4794777631759643,0.1046477779746055,0.3700554966926574,1,1,0.47947776,0.10942227,hands,1,0,1,0.41515955,-0.7394432,6.090875923633575
pose_guided,task_region_scalar_gated_late,gA_5_s2_2019-03-08T10;46;46+01;00__masked__dist__00331,gA_5_s2_2019-03-08T10;46;46+01;00__masked__dist__00331,test_masked,hands,clip,2,0.5575463771820068,1.1793497833423316e-05,0.4423904418945312,5.137313564773649e-05,0,0,0.44239044,0.115155935,0.4786936044692993,0.0016569930594414,0.5100318193435669,0.0096175353974103,2,1,0.5100318,0.031338215,hands,1,0,1,0.06764138,-0.08381772,6.051465034484863
pose_guided,task_region_scalar_gated_late,gZ_33_s1_2019-04-08T10;08;19+02;00__masked__dist__00057,gZ_33_s1_2019-04-08T10;08;19+02;00__masked__dist__00057,test_masked,hands,clip,0,0.2918991446495056,0.0206971578299999,0.6860016584396362,0.0014020316302776,2,0,0.29189914,0.3941025,0.4849388003349304,0.0092673040926456,0.0687852948904037,0.4370086193084717,0,1,0.4849388,0.04793018,hands,1,0,1,0.19303966,-0.34617233,6.039906978607178
pose_guided,task_region_scalar_gated_late,gZ_33_s2_2019-04-08T09;59;25+02;00__masked__dist__00361,gZ_33_s2_2019-04-08T09;59;25+02;00__masked__dist__00361,test_masked,hands,clip,0,0.2045219987630844,0.0285126529633998,0.7654378414154053,0.0015274549368768,2,0,0.204522,0.5609158,0.4509584307670593,0.008623806759715,0.1914801746606826,0.3489376306533813,0,1,0.45095843,0.1020208,hands,1,0,1,0.24643643,-0.45889503,6.033977836370468
pose_guided,task_region_scalar_gated_late,gZ_37_s3_2019-04-29T12;10;11+02;00__masked__dist__00030,gZ_37_s3_2019-04-29T12;10;11+02;00__masked__dist__00030,test_masked,hands,clip,1,0.0068906536325812,0.4306373298168182,0.0019168271683156,0.5605551600456238,3,0,0.43063733,0.12991783,0.0085123823955655,0.4745151698589325,0.0807576030492782,0.4362148642539978,1,1,0.47451517,0.038300306,hands,1,0,1,0.04387784,-0.091617525,5.996138155460358
pose_guided,task_region_scalar_gated_late,gZ_33_s1_2019-04-08T16;18;54+02;00__masked__dist__00031,gZ_33_s1_2019-04-08T16;18;54+02;00__masked__dist__00031,test_masked,hands,clip,2,0.5957420468330383,0.0142636038362979,0.387548953294754,0.0024453243240714,0,0,0.38754895,0.2081931,0.4289771914482116,0.0013566217385232,0.4540344774723053,0.1156316995620727,2,1,0.45403448,0.025057286,hands,1,0,1,0.066485524,-0.18313581,5.949835240840912
pose_guided,task_region_scalar_gated_late,gZ_33_s2_2019-04-08T16;09;44+02;00__masked__dist__00401,gZ_33_s2_2019-04-08T16;09;44+02;00__masked__dist__00401,test_masked,hands,clip,2,0.9484121799468994,0.0013230002950876,0.0491121262311935,0.0011526715243235,0,0,0.049112126,0.89930004,0.1171211376786232,0.0006177527830004,0.4479022026062011,0.4343588948249817,2,1,0.4479022,0.013543308,hands,1,0,1,0.39879006,-0.88575673,5.911823391914368
pose_guided,task_region_scalar_gated_late,gZ_33_s2_2019-04-08T09;59;25+02;00__masked__dist__00240,gZ_33_s2_2019-04-08T09;59;25+02;00__masked__dist__00240,test_masked,hands,clip,0,0.067851535975933,0.000501804111991,0.9298992156982422,0.0017474204069003,2,0,0.067851536,0.8620477,0.4503155946731567,0.0022754534147679,0.1038689538836479,0.4435400068759918,0,1,0.4503156,0.006775588,hands,1,0,1,0.38246405,-0.85527205,5.909656047821045
pose_guided,task_region_scalar_gated_late,gZ_33_s2_2019-04-08T16;09;44+02;00__masked__dist__00394,gZ_33_s2_2019-04-08T16;09;44+02;00__masked__dist__00394,test_masked,hands,clip,2,0.9853980541229248,0.0114835584536194,0.0009483877802267,0.0021700335200875,0,0,0.0009483878,0.9739145,0.4088563919067383,0.0012251895386725,0.4238036572933197,0.1661147475242614,2,1,0.42380366,0.014947265,hands,1,0,1,0.42285526,-0.9589672,5.8867433071136475
pose_guided,task_region_scalar_gated_late,gC_12_s2_2019-03-13T10;14;41+01;00__masked__dist__00025,gC_12_s2_2019-03-13T10;14;41+01;00__masked__dist__00025,test_masked,hands,clip,1,0.2875971794128418,0.381082147359848,0.0187128018587827,0.3126078248023987,1,1,0.38108215,0.06847432,0.0396026037633419,0.94919753074646,0.0001961226662388,0.0110037019476294,1,1,0.94919753,0.90959495,hands,0,0,0,0.56811535,0.8411206,1.9773513078689575
pose_guided,task_region_scalar_gated_late,gA_5_s2_2019-03-08T10;46;46+01;00__masked__dist__00226,gA_5_s2_2019-03-08T10;46;46+01;00__masked__dist__00226,test_masked,hands,clip,2,0.2903942167758941,0.2406144887208938,0.4193471670150757,0.0496441721916198,2,1,0.41934717,0.12895295,0.0015577170997858,0.0001107647985918,0.9850672483444214,0.01326425652951,2,1,0.98506725,0.971803,hands,0,0,0,0.5657201,0.8428501,1.9742902517318726
pose_guided,task_region_scalar_gated_late,gC_12_s2_2019-03-13T10;14;41+01;00__masked__dist__00026,gC_12_s2_2019-03-13T10;14;41+01;00__masked__dist__00026,test_masked,hands,clip,1,0.2407420575618744,0.4504789710044861,0.0182092264294624,0.2905697524547577,1,1,0.45047897,0.15990922,0.0287002362310886,0.9615659713745116,0.0001433680881746,0.0095905065536499,1,1,0.961566,0.93286574,hands,0,0,0,0.511087,0.7729565,1.7951304912567139
pose_guided,task_region_scalar_gated_late,gF_25_s3_2019-03-11T10;11;14+01;00__masked__dist__00027,gF_25_s3_2019-03-11T10;11;14+01;00__masked__dist__00027,test_masked,hands,clip,0,0.5581769943237305,0.0003612161963246,0.4412367343902588,0.0002250773832201,0,1,0.558177,0.11694026,0.9804375171661376,0.001526641077362,0.0171479303389787,0.0008879749802872,0,1,0.9804375,0.96328956,hands,0,0,0,0.42226052,0.8463493,1.6908703446388245
pose_guided,task_region_scalar_gated_late,gA_5_s3_2019-03-13T09;10;35+01;00__masked__dist__00025,gA_5_s3_2019-03-13T09;10;35+01;00__masked__dist__00025,test_masked,hands,clip,0,0.5177176594734192,0.0001025942183332,0.4817236959934234,0.0004561163077596,0,1,0.51771766,0.035993963,0.9345455169677734,0.0015469330828636,0.0615114271640777,0.0023961188271641,0,1,0.9345455,0.8730341,hands,0,0,0,0.41682786,0.8370402,1.6706959009170532
pose_guided,task_region_scalar_gated_late,gF_25_s2_2019-03-05T11;00;55+01;00__masked__dist__00197,gF_25_s2_2019-03-05T11;00;55+01;00__masked__dist__00197,test_masked,hands,clip,0,0.5122824907302856,0.0111991055309772,0.4735075235366821,0.0030108718201518,0,1,0.5122825,0.038774967,0.9171912670135498,0.0236418545246124,0.0378444641828537,0.0213223807513713,0,1,0.91719127,0.8793468,hands,0,0,0,0.40490878,0.8405718,1.6503893733024597
pose_guided,task_region_scalar_gated_late,gZ_33_s2_2019-04-08T16;09;44+02;00__masked__dist__00192,gZ_33_s2_2019-04-08T16;09;44+02;00__masked__dist__00192,test_masked,hands,clip,0,0.4712986648082733,0.1271685063838958,0.0356464311480522,0.3658864200115204,0,1,0.47129866,0.105412245,0.8987430334091187,0.02316415309906,0.032404001802206,0.0456887409090995,0,1,0.89874303,0.8530543,hands,0,0,0,0.42744437,0.74764204,1.6025307774543762
pose_guided,task_region_scalar_gated_late,gC_12_s1_2019-03-13T10;23;45+01;00__masked__dist__00039,gC_12_s1_2019-03-13T10;23;45+01;00__masked__dist__00039,test_masked,hands,clip,0,0.4908686280250549,0.3304023146629333,0.0355980545282363,0.1431310176849365,0,1,0.49086863,0.16046631,0.925852119922638,0.040824569761753,0.0138668939471244,0.0194563902914524,0,1,0.9258521,0.8850275,hands,0,0,0,0.4349835,0.7245612,1.5945281982421875
pose_guided,task_region_scalar_gated_late,gC_13_s6_2019-03-04T10;06;53+01;00__masked__gaze__00015,gC_13_s6_2019-03-04T10;06;53+01;00__masked__gaze__00015,test_masked,hands,clip,1,0.2783759236335754,0.0059038586914539,0.383502185344696,0.3322180509567261,2,0,0.0059038587,0.051284134,0.1224130690097808,0.0112765356898307,0.1437053382396698,0.7226050496101379,3,0,0.011276536,0.57889974,hands,0,0,1,0.005372677,0.5276156,1.5383609607815742
pose_guided,task_region_scalar_gated_late,gC_12_s2_2019-03-13T10;14;41+01;00__masked__dist__00154,gC_12_s2_2019-03-13T10;14;41+01;00__masked__dist__00154,test_masked,hands,clip,0,0.4438666999340057,0.3547616899013519,0.0061064483597874,0.1952652037143707,0,1,0.4438667,0.08910501,0.8702853918075562,0.103993721306324,0.0072240089066326,0.0184968765825033,0,1,0.8702854,0.7662917,hands,0,0,0,0.4264187,0.67718667,1.5300240516662598
pose_guided,task_region_scalar_gated_late,gC_13_s6_2019-03-25T10;12;22+01;00__masked__gaze__00007,gC_13_s6_2019-03-25T10;12;22+01;00__masked__gaze__00007,test_masked,hands,clip,1,0.6303696632385254,0.027401577681303,0.0487800724804401,0.2934486865997314,0,0,0.027401578,0.33692098,0.0741231516003608,0.0367734655737876,0.0150361638516187,0.8740673065185547,3,0,0.036773466,0.79994416,hands,0,0,1,0.009371888,0.4630232,1.4817669615149498
pose_guided,task_region_scalar_gated_late,gE_30_s2_2019-03-15T10;43;40+01;00__masked__dist__00361,gE_30_s2_2019-03-15T10;43;40+01;00__masked__dist__00361,test_masked,hands,clip,2,0.2491489648818969,0.0457086563110351,0.3775215148925781,0.3276208937168121,2,1,0.3775215,0.04990062,0.1613513231277465,0.0013502617366611,0.812139630317688,0.0251588560640811,2,1,0.81213963,0.6507883,hands,0,0,0,0.43461812,0.60088766,1.4701238870620728
pose_guided,task_region_scalar_gated_late,gB_10_s1_2019-03-11T15;24;54+01;00__masked__dist__00059,gB_10_s1_2019-03-11T15;24;54+01;00__masked__dist__00059,test_masked,hands,clip,0,0.6078587770462036,0.0071581644006073,0.0004283010202925,0.3845547437667846,0,1,0.6078588,0.22330403,0.9716374278068542,0.0061745294369757,0.0004069480928592,0.021781139075756,0,1,0.9716374,0.9498563,hands,0,0,0,0.36377865,0.72655225,1.4541095495224
pose_guided,task_region_scalar_gated_late,gC_13_s4_2019-03-25T10;02;04+01;00__masked__dist__00245,gC_13_s4_2019-03-25T10;02;04+01;00__masked__dist__00245,test_masked,hands,clip,1,0.3157270848751068,0.1743436157703399,0.4484414160251617,0.0614879131317138,2,0,0.17434362,0.13271433,0.5919536352157593,0.2955589294433594,0.0330621823668479,0.0794252827763557,0,0,0.29555893,0.2963947,hands,0,0,1,0.12121531,0.16368037,1.4061110019683838
pose_guided,task_region_scalar_gated_late,gC_13_s6_2019-03-25T10;12;22+01;00__masked__gaze__00008,gC_13_s6_2019-03-25T10;12;22+01;00__masked__gaze__00008,test_masked,hands,clip,1,0.6294469833374023,0.0353245735168457,0.084824189543724,0.2504042387008667,0,0,0.035324574,0.37904274,0.095299407839775,0.0599597543478012,0.027152094990015,0.817588746547699,3,0,0.059959754,0.7222893,hands,0,0,1,0.02463518,0.34324658,1.392516940832138
pose_guided,task_region_scalar_gated_late,gC_12_s2_2019-03-13T10;14;41+01;00__masked__dist__00066,gC_12_s2_2019-03-13T10;14;41+01;00__masked__dist__00066,test_masked,hands,clip,0,0.469792366027832,0.2626445889472961,0.0048203337937593,0.2627426981925964,0,1,0.46979237,0.20704967,0.877595841884613,0.1070517003536224,0.0013290585484355,0.0140234418213367,0,1,0.87759584,0.7705442,hands,0,0,0,0.40780348,0.5634945,1.3791014552116394
pose_guided,task_region_scalar_gated_late,gC_13_s6_2019-03-04T10;06;53+01;00__masked__gaze__00016,gC_13_s6_2019-03-04T10;06;53+01;00__masked__gaze__00016,test_masked,hands,clip,1,0.1233950704336166,0.0069392379373312,0.5020571947097778,0.3676085174083709,2,0,0.006939238,0.13444868,0.0973548889160156,0.01069001480937,0.2068556100130081,0.6850994825363159,3,0,0.010690015,0.4782439,hands,0,0,1,0.0037507769,0.3437952,1.3512967638671398
pose_guided,task_region_scalar_gated_late,gZ_33_s4_2019-04-03T09;22;03+02;00__masked__dist__00000,gZ_33_s4_2019-04-03T09;22;03+02;00__masked__dist__00000,test_masked,hands,clip,0,0.442788302898407,0.3541733622550964,0.0215963814407587,0.1814419627189636,0,1,0.4427883,0.08861494,0.79681396484375,0.069087915122509,0.0473140552639961,0.0867841243743896,0,1,0.79681396,0.71002984,hands,0,0,0,0.35402566,0.6214149,1.3294662237167358
pose_guided,task_region_scalar_gated_late,gZ_33_s4_2019-04-03T09;22;03+02;00__masked__dist__00019,gZ_33_s4_2019-04-03T09;22;03+02;00__masked__dist__00019,test_masked,hands,clip,0,0.5025088787078857,0.4224606454372406,0.0058621154166758,0.0691683590412139,0,1,0.5025089,0.08004823,0.8225061893463135,0.0636545941233635,0.0611689835786819,0.0526702478528022,0,1,0.8225062,0.7588516,hands,0,0,0,0.3199973,0.6788033,1.3187979459762573
pose_guided,task_region_scalar_gated_late,gZ_37_s4_2019-04-03T15;40;42+02;00__masked__dist__00168,gZ_37_s4_2019-04-03T15;40;42+02;00__masked__dist__00168,test_masked,hands,clip,1,0.0741621181368827,0.6302746534347534,0.2193937003612518,0.0761694982647895,1,1,0.63027465,0.41088095,0.0049315262585878,0.9930683374404908,9.425327334611213e-06,0.0019906917586922,1,1,0.99306834,0.9881368,hands,0,0,0,0.36279368,0.57725585,1.3028432130813599
pose_guided,task_region_scalar_gated_late,gC_13_s6_2019-03-25T10;12;22+01;00__masked__gaze__00000,gC_13_s6_2019-03-25T10;12;22+01;00__masked__gaze__00000,test_masked,hands,clip,1,0.679861307144165,0.0314350873231887,0.020133351907134,0.2685702443122864,0,0,0.031435087,0.41129106,0.0459659397602081,0.0002562063746154,0.0933565869927406,0.8604211807250977,3,0,0.00025620637,0.7670646,hands,0,0,1,-0.03117888,0.3557735,1.2934157475829124
pose_guided,task_region_scalar_gated_late,gC_13_s6_2019-03-04T10;06;53+01;00__masked__gaze__00031,gC_13_s6_2019-03-04T10;06;53+01;00__masked__gaze__00031,test_masked,hands,clip,1,0.4225593209266662,0.0296239536255598,0.1568180322647094,0.3909987211227417,0,0,0.029623954,0.0315606,0.2586723566055298,0.019671818241477,0.1214694753289222,0.6001863479614258,3,0,0.019671818,0.341514,hands,0,0,1,-0.009952135,0.3099534,1.2900491207838058
pose_guided,task_region_scalar_gated_late,gB_10_s2_2019-03-11T15;15;21+01;00__masked__dist__00206,gB_10_s2_2019-03-11T15;15;21+01;00__masked__dist__00206,test_masked,hands,clip,1,0.3529774844646454,0.1308296620845794,0.5136638879776001,0.0025289445184171,2,0,0.13082966,0.1606864,0.6359254121780396,0.1394457221031189,0.0156783200800418,0.2089505791664123,0,0,0.13944572,0.42697483,hands,0,0,1,0.00861606,0.26628843,1.2835205495357513
pose_guided,task_region_scalar_gated_late,gF_25_s3_2019-03-11T10;11;14+01;00__masked__dist__00026,gF_25_s3_2019-03-11T10;11;14+01;00__masked__dist__00026,test_masked,hands,clip,0,0.6291906833648682,0.001406071241945,0.3671349585056305,0.0022683143615722,0,1,0.6291907,0.26205572,0.9497909545898438,0.0022949930280447,0.0473674833774566,0.0005465570720843,0,1,0.94979095,0.9024235,hands,0,0,0,0.32060027,0.64036775,1.2815682888031006
pose_guided,task_region_scalar_gated_late,gZ_36_s1_2019-04-09T10;55;20+02;00__masked__dist__00086,gZ_36_s1_2019-04-09T10;55;20+02;00__masked__dist__00086,test_masked,hands,clip,0,0.6441771388053894,0.050401646643877,0.3048624098300934,0.0005588417407125,0,1,0.64417714,0.33931473,0.9673124551773072,0.0162053871899843,0.0056869876570999,0.0107951257377862,0,1,0.96731246,0.9511071,hands,0,0,0,0.32313532,0.6117923,1.2580629587173462
pose_guided,task_region_scalar_gated_late,gZ_33_s1_2019-04-08T16;18;54+02;00__masked__dist__00037,gZ_33_s1_2019-04-08T16;18;54+02;00__masked__dist__00037,test_masked,hands,clip,0,0.6474224925041199,0.0027592454571276,0.3496256172657013,0.0001926886325236,0,1,0.6474225,0.29779688,0.958045244216919,0.0077980728819966,0.0264811776578426,0.0076754065230488,0,1,0.95804524,0.9315641,hands,0,0,0,0.31062275,0.63376725,1.2550127506256104
pose_guided,task_region_scalar_gated_late,gC_12_s2_2019-03-13T10;14;41+01;00__masked__dist__00257,gC_12_s2_2019-03-13T10;14;41+01;00__masked__dist__00257,test_masked,hands,clip,2,0.2156879901885986,0.7265760898590088,0.0099412202835083,0.0477947145700454,1,0,0.00994122,0.5108881,0.850866973400116,0.1031316667795181,0.0144118424504995,0.0315894931554794,0,0,0.014411842,0.7477353,hands,0,0,1,0.004470622,0.23684722,1.2457884661853313
pose_guided,task_region_scalar_gated_late,gC_13_s6_2019-03-04T10;06;53+01;00__masked__gaze__00003,gC_13_s6_2019-03-04T10;06;53+01;00__masked__gaze__00003,test_masked,hands,clip,1,0.2819964587688446,0.0116659207269549,0.3674934208393097,0.3388442695140838,2,0,0.011665921,0.028649151,0.1633906364440918,0.0322380810976028,0.2925371527671814,0.5118341445922852,3,0,0.03223808,0.21929699,hands,0,0,1,0.02057216,0.19064784,1.2317921593785286
pose_guided,task_region_scalar_gated_late,gZ_37_s4_2019-04-03T15;40;42+02;00__masked__dist__00074,gZ_37_s4_2019-04-03T15;40;42+02;00__masked__dist__00074,test_masked,hands,clip,1,0.464252769947052,0.5241511464118958,0.0029786569066345,0.0086174365133047,1,1,0.52415115,0.059898376,0.112592875957489,0.8130565881729126,0.0049904063344001,0.0693600922822952,1,1,0.8130566,0.7004637,hands,0,0,0,0.28890544,0.64056534,1.2183762192726135
pose_guided,task_region_scalar_gated_late,gC_13_s6_2019-03-04T10;06;53+01;00__masked__gaze__00008,gC_13_s6_2019-03-04T10;06;53+01;00__masked__gaze__00008,test_masked,hands,clip,1,0.4922335743904114,0.0275527704507112,0.0173593591898679,0.4628542959690094,0,0,0.02755277,0.029379278,0.3635073602199554,0.0367030948400497,0.0069184554740786,0.5928710699081421,3,0,0.036703095,0.22936371,hands,0,0,1,0.009150324,0.19998443,1.2182850800454617
pose_guided,task_region_scalar_gated_late,gC_13_s6_2019-03-04T10;06;53+01;00__masked__gaze__00054,gC_13_s6_2019-03-04T10;06;53+01;00__masked__gaze__00054,test_masked,hands,clip,1,0.1635247617959976,0.1499252170324325,0.38072669506073,0.3058233261108398,2,0,0.14992522,0.07490337,0.1130294799804687,0.0164641197770833,0.1570949107408523,0.7134114503860474,3,0,0.01646412,0.55631655,hands,0,0,1,-0.1334611,0.4814132,1.2144909799098969
pose_guided,task_region_scalar_gated_late,gA_5_s3_2019-03-13T09;10;35+01;00__masked__dist__00026,gA_5_s3_2019-03-13T09;10;35+01;00__masked__dist__00026,test_masked,hands,clip,0,0.6492080092430115,0.0001271256332984,0.3501047790050506,0.0005600586882792,0,1,0.649208,0.29910323,0.9508177042007446,0.0011494950158521,0.0459857061505317,0.0020470824092626,0,1,0.9508177,0.904832,hands,0,0,0,0.3016097,0.60572875,1.2089481353759766
pose_guided,task_region_scalar_gated_late,gZ_33_s3_2019-04-04T15;06;45+02;00__masked__dist__00014,gZ_33_s3_2019-04-04T15;06;45+02;00__masked__dist__00014,test_masked,hands,clip,1,0.2536821961402893,0.1208642944693565,0.0251371730118989,0.6003163456916809,3,0,0.120864294,0.34663415,0.7454143762588501,0.0775000900030136,0.0571000725030899,0.1199854016304016,0,0,0.07750009,0.625429,hands,0,0,1,-0.043364204,0.27879483,1.192066416144371
pose_guided,task_region_scalar_gated_late,gA_5_s2_2019-03-08T10;46;46+01;00__masked__dist__00087,gA_5_s2_2019-03-08T10;46;46+01;00__masked__dist__00087,test_masked,hands,clip,0,0.3796274363994598,0.3746078312397003,0.024298196658492,0.2214664816856384,0,1,0.37962744,0.005019605,0.688083827495575,0.1015322357416153,0.109123557806015,0.1012604162096977,0,1,0.6880838,0.5789603,hands,0,0,0,0.3084564,0.5739407,1.190853476524353
pose_guided,task_region_scalar_gated_late,gC_13_s2_2019-03-04T10;11;37+01;00__masked__dist__00068,gC_13_s2_2019-03-04T10;11;37+01;00__masked__dist__00068,test_masked,hands,clip,1,0.3617231547832489,0.0895076319575309,0.467384934425354,0.0813842713832855,2,0,0.08950763,0.10566178,0.2848830819129944,0.0991525053977966,0.0761183351278305,0.5398460626602173,3,0,0.099152505,0.25496298,hands,0,0,1,0.009644873,0.1493012,1.168590947985649
pose_guided,task_region_scalar_gated_late,gC_13_s6_2019-03-25T10;12;22+01;00__masked__gaze__00067,gC_13_s6_2019-03-25T10;12;22+01;00__masked__gaze__00067,test_masked,hands,clip,1,0.0438143759965896,0.0141310337930917,0.8194332122802734,0.1226214170455932,2,0,0.014131034,0.6968118,0.014774584211409,0.0292311273515224,0.0642177611589431,0.8917765617370605,3,0,0.029231127,0.8275588,hands,0,0,1,0.015100094,0.13074702,1.1609472073614597
pose_guided,task_region_scalar_gated_late,gF_25_s4_2019-03-20T10;29;08+01;00__masked__dist__00102,gF_25_s4_2019-03-20T10;29;08+01;00__masked__dist__00102,test_masked,hands,clip,1,0.4365920722484588,0.4995782077312469,0.0151959611102938,0.0486337728798389,1,1,0.4995782,0.062986135,0.1392902433872223,0.7873926162719727,0.0028506356757134,0.0704664438962936,1,1,0.7873926,0.6481024,hands,0,0,0,0.2878144,0.58511627,1.160745084285736
pose_guided,task_region_scalar_gated_late,gC_13_s6_2019-03-25T10;12;22+01;00__masked__gaze__00070,gC_13_s6_2019-03-25T10;12;22+01;00__masked__gaze__00070,test_masked,hands,clip,1,0.0371648706495761,0.0077016572467982,0.8434379696846008,0.1116955503821373,2,0,0.0077016572,0.73174244,0.0159765426069498,0.0297901593148708,0.0543118566274642,0.8999214768409729,3,0,0.02979016,0.8456096,hands,0,0,1,0.022088502,0.11386716,1.1580441668629646
pose_guided,task_region_scalar_gated_late,gC_12_s1_2019-03-13T10;23;45+01;00__masked__dist__00068,gC_12_s1_2019-03-13T10;23;45+01;00__masked__dist__00068,test_masked,hands,clip,1,0.0410970076918602,0.5545679926872253,0.2539965212345123,0.1503385156393051,1,1,0.554568,0.30057147,0.0115967923775315,0.8858699798583984,0.010451833717525,0.0920813828706741,1,1,0.88587,0.7937886,hands,0,0,0,0.331302,0.49321714,1.1558211147785187
pose_guided,task_region_scalar_gated_late,gF_25_s2_2019-03-05T11;00;55+01;00__masked__dist__00274,gF_25_s2_2019-03-05T11;00;55+01;00__masked__dist__00274,test_masked,hands,clip,2,0.1534420251846313,0.5641535520553589,0.1184517592191696,0.1639526188373565,1,0,0.11845176,0.40020093,0.1991116851568222,0.0125967990607023,0.2165957987308502,0.5716956853866577,3,0,0.2165958,0.3550999,hands,0,0,1,0.09814404,-0.045101047,1.1511870324611664
pose_guided,task_region_scalar_gated_late,gC_13_s4_2019-03-25T10;02;04+01;00__masked__dist__00004,gC_13_s4_2019-03-25T10;02;04+01;00__masked__dist__00004,test_masked,hands,clip,1,0.0615394487977027,0.6884279847145081,0.0153301898390054,0.2347023338079452,1,1,0.688428,0.45372564,0.0001190523180412,0.9948205947875975,0.0008730050758458,0.004187349230051,1,1,0.9948206,0.99063325,hands,0,0,0,0.3063926,0.5369076,1.1496928334236145
pose_guided,task_region_scalar_gated_late,gA_5_s1_2019-03-08T10;57;00+01;00__masked__dist__00083,gA_5_s1_2019-03-08T10;57;00+01;00__masked__dist__00083,test_masked,hands,clip,2,0.3977808952331543,0.5224521160125732,0.0748036578297615,0.0049633393064141,1,0,0.07480366,0.12467122,0.6243671774864197,0.0719452649354934,0.0343057513236999,0.2693817913532257,0,0,0.03430575,0.3549854,hands,0,0,1,-0.040497907,0.23031417,1.149318352341652
pose_guided,task_region_scalar_gated_late,gA_5_s3_2019-03-13T09;10;35+01;00__masked__dist__00004,gA_5_s3_2019-03-13T09;10;35+01;00__masked__dist__00004,test_masked,hands,clip,0,0.6017603278160095,7.130212179617956e-05,0.3975383937358856,0.000630033260677,0,1,0.6017603,0.20422193,0.8880822658538818,0.0011870260350406,0.1074670404195785,0.0032637198455631,0,1,0.88808227,0.7806152,hands,0,0,0,0.28632194,0.57639325,1.1490371227264404
pose_guided,task_region_scalar_gated_late,gC_13_s2_2019-03-04T10;11;37+01;00__masked__dist__00129,gC_13_s2_2019-03-04T10;11;37+01;00__masked__dist__00129,test_masked,hands,clip,0,0.579918384552002,0.1042653769254684,0.1853516846895218,0.1304645538330078,0,1,0.5799184,0.3945667,0.910642385482788,0.0419948659837245,0.0223011448979377,0.0250616092234849,0,1,0.9106424,0.8686475,hands,0,0,0,0.330724,0.4740808,1.135528802871704
pose_guided,task_region_scalar_gated_late,gZ_37_s4_2019-04-03T15;40;42+02;00__masked__dist__00135,gZ_37_s4_2019-04-03T15;40;42+02;00__masked__dist__00135,test_masked,hands,clip,1,0.2859123349189758,0.7026259899139404,0.0042900936678051,0.0071715675294399,1,1,0.702626,0.41671365,0.0075622634030878,0.9883106350898744,2.9901944799348712e-05,0.0040972437709569,1,1,0.98831064,0.98074836,hands,0,0,0,0.28568465,0.5640347,1.1354039907455444
pose_guided,task_region_scalar_gated_late,gC_13_s4_2019-03-25T10;02;04+01;00__masked__dist__00232,gC_13_s4_2019-03-25T10;02;04+01;00__masked__dist__00232,test_masked,hands,clip,1,0.0179767459630966,0.7046170830726624,0.021303916350007,0.2561022937297821,1,1,0.7046171,0.4485148,4.864997026743367e-05,0.998038649559021,0.0001996385399252,0.0017129910411313,1,1,0.99803865,0.9963257,hands,0,0,0,0.29342157,0.5478109,1.1346540451049805
pose_guided,task_region_scalar_gated_late,gC_13_s2_2019-03-04T10;11;37+01;00__masked__dist__00267,gC_13_s2_2019-03-04T10;11;37+01;00__masked__dist__00267,test_masked,hands,clip,2,0.2822460532188415,0.0045785838738083,0.7131626009941101,1.274940586881712e-05,2,1,0.7131626,0.43091655,0.0007314526010304,0.000333613337716,0.9964419603347778,0.0024930438958108,2,1,0.99644196,0.99394894,hands,0,0,0,0.28327936,0.5630324,1.1295911073684692
pose_guided,task_region_scalar_gated_late,gC_13_s6_2019-03-04T10;06;53+01;00__masked__gaze__00002,gC_13_s6_2019-03-04T10;06;53+01;00__masked__gaze__00002,test_masked,hands,clip,1,0.4530733525753021,0.0409303233027458,0.3431300818920135,0.1628662496805191,0,0,0.040930323,0.10994327,0.3360227048397064,0.0684710666537284,0.087297186255455,0.5082091093063354,3,0,0.06847107,0.1721864,hands,0,0,1,0.027540743,0.062243134,1.1173246204853058
pose_guided,task_region_scalar_gated_late,gC_13_s6_2019-03-04T10;06;53+01;00__masked__gaze__00055,gC_13_s6_2019-03-04T10;06;53+01;00__masked__gaze__00055,test_masked,hands,clip,1,0.1501123309135437,0.1402240991592407,0.4359339475631714,0.2737296223640442,2,0,0.1402241,0.16220433,0.1271312683820724,0.0495543628931045,0.1818628311157226,0.6414515972137451,3,0,0.049554363,0.45958877,hands,0,0,1,-0.090669736,0.29738444,1.116044968366623
pose_guided,task_region_scalar_gated_late,gC_13_s6_2019-03-25T10;12;22+01;00__masked__gaze__00069,gC_13_s6_2019-03-25T10;12;22+01;00__masked__gaze__00069,test_masked,hands,clip,1,0.0390641838312149,0.0073310723528265,0.845181941986084,0.1084228754043579,2,0,0.0073310724,0.73675907,0.0199771076440811,0.0351633056998252,0.0772633403539657,0.8675962686538696,3,0,0.035163306,0.7903329,hands,0,0,1,0.027832232,0.053573847,1.1092383116483688
pose_guided,task_region_scalar_gated_late,gZ_33_s2_2019-04-08T09;59;25+02;00__masked__dist__00227,gZ_33_s2_2019-04-08T09;59;25+02;00__masked__dist__00227,test_masked,hands,clip,1,0.0002862595429178,0.7032360434532166,2.2731868739356287e-05,0.2964549660682678,1,1,0.70323604,0.40678108,0.0001121796231018,0.9799275994300842,0.0007409834070131,0.0192192513495683,1,1,0.9799276,0.9607083,hands,0,0,0,0.27669156,0.55392724,1.1073103547096252
pose_guided,task_region_scalar_gated_late,gZ_33_s1_2019-04-08T16;18;54+02;00__masked__dist__00089,gZ_33_s1_2019-04-08T16;18;54+02;00__masked__dist__00089,test_masked,hands,clip,0,0.6090855598449707,0.0019835950806736,0.3769962191581726,0.0119346305727958,0,1,0.60908556,0.23208934,0.8750014305114746,0.009525847621262,0.0800303295254707,0.0354423858225345,0,1,0.87500143,0.7949711,hands,0,0,0,0.26591587,0.56288177,1.0947135090827942
pose_guided,task_region_scalar_gated_late,gC_13_s3_2019-03-12T10;06;34+01;00__masked__dist__00003,gC_13_s3_2019-03-12T10;06;34+01;00__masked__dist__00003,test_masked,hands,clip,0,0.7084952592849731,0.0001217934332089,0.2909554839134216,0.0004274960665497,0,1,0.70849526,0.41753978,0.9809359312057496,0.0038143820129334,0.0138071700930595,0.0014425171539187,0,1,0.98093593,0.96712875,hands,0,0,0,0.27244067,0.549589,1.0944703221321106
pose_guided,task_region_scalar_gated_late,gE_30_s1_2019-03-15T10;58;06+01;00__masked__dist__00016,gE_30_s1_2019-03-15T10;58;06+01;00__masked__dist__00016,test_masked,hands,clip,1,0.2776139378547668,0.142325222492218,0.5786238312721252,0.0014370568096637,2,0,0.14232522,0.3010099,0.5018340349197388,0.1959004998207092,0.2139172554016113,0.0883482843637466,0,0,0.1959005,0.28791678,hands,0,0,1,0.053575277,-0.013093114,1.0940574407577515
pose_guided,task_region_scalar_gated_late,gC_13_s6_2019-03-04T10;06;53+01;00__masked__gaze__00059,gC_13_s6_2019-03-04T10;06;53+01;00__masked__gaze__00059,test_masked,hands,clip,1,0.1782000511884689,0.0792569890618324,0.514653742313385,0.2278892695903778,2,0,0.07925699,0.28676447,0.1956904679536819,0.0454265214502811,0.117512010037899,0.6413710117340088,3,0,0.04542652,0.44568056,hands,0,0,1,-0.033830468,0.15891609,1.0912551507353783
pose_guided,task_region_scalar_gated_late,gC_13_s6_2019-03-04T10;06;53+01;00__masked__gaze__00011,gC_13_s6_2019-03-04T10;06;53+01;00__masked__gaze__00011,test_masked,hands,clip,1,0.5024200081825256,0.0330125838518142,0.0164631213992834,0.4481043517589569,0,0,0.033012584,0.054315656,0.4109499454498291,0.0366233736276626,0.004702148027718,0.5477244853973389,3,0,0.036623374,0.13677454,hands,0,0,1,0.0036107898,0.08245888,1.0896804630756378
pose_guided,task_region_scalar_gated_late,gZ_37_s4_2019-04-03T15;40;42+02;00__masked__dist__00297,gZ_37_s4_2019-04-03T15;40;42+02;00__masked__dist__00297,test_masked,hands,clip,1,0.0425354391336441,0.4646156132221222,0.4283539056777954,0.0644950494170188,1,1,0.4646156,0.036261708,0.0792635530233383,0.7382245063781738,0.0136084733530879,0.1689034700393676,1,1,0.7382245,0.56932104,hands,0,0,0,0.2736089,0.53305936,1.080277144908905
pose_guided,task_region_scalar_gated_late,gC_13_s6_2019-03-04T10;06;53+01;00__masked__gaze__00061,gC_13_s6_2019-03-04T10;06;53+01;00__masked__gaze__00061,test_masked,hands,clip,1,0.19953253865242,0.0709173306822776,0.491269588470459,0.2382805198431015,2,0,0.07091733,0.25298905,0.2213489115238189,0.0387743525207042,0.1260308623313903,0.6138458847999573,3,0,0.038774353,0.39249697,hands,0,0,1,-0.03214298,0.13950792,1.0752219632267952
pose_guided,task_region_scalar_gated_late,gC_13_s4_2019-03-25T10;02;04+01;00__masked__dist__00226,gC_13_s4_2019-03-25T10;02;04+01;00__masked__dist__00226,test_masked,hands,clip,1,0.0240804851055145,0.71860271692276,0.0147784696891903,0.2425383627414703,1,1,0.7186027,0.47606435,6.065270645194687e-05,0.996820032596588,0.0004821960174012,0.0026371697895228,1,1,0.99682003,0.9941829,hands,0,0,0,0.27821732,0.5181185,1.07455313205719
pose_guided,task_region_scalar_gated_late,gC_13_s6_2019-03-04T10;06;53+01;00__masked__gaze__00010,gC_13_s6_2019-03-04T10;06;53+01;00__masked__gaze__00010,test_masked,hands,clip,1,0.5185118317604065,0.0320984236896038,0.0167019702494144,0.4326877295970917,0,0,0.032098424,0.0858241,0.4090583622455597,0.0328024588525295,0.0046884403564035,0.5534507632255554,3,0,0.03280246,0.1443924,hands,0,0,1,0.00070403516,0.0585683,1.0599763691425323
pose_guided,task_region_scalar_gated_late,gC_13_s6_2019-03-04T10;06;53+01;00__masked__gaze__00012,gC_13_s6_2019-03-04T10;06;53+01;00__masked__gaze__00012,test_masked,hands,clip,1,0.4832723438739776,0.033323511481285,0.0156560912728309,0.4677480161190033,0,0,0.03332351,0.015524328,0.4501833319664001,0.0401496849954128,0.0051264222711324,0.5045405626296997,3,0,0.040149685,0.05435723,hands,0,0,1,0.0068261735,0.038832903,1.0524852499365807
pose_guided,task_region_scalar_gated_late,gZ_37_s4_2019-04-03T15;40;42+02;00__masked__dist__00089,gZ_37_s4_2019-04-03T15;40;42+02;00__masked__dist__00089,test_masked,hands,clip,1,0.4785811007022857,0.519729495048523,0.0007035385351628,0.0009858979610726,1,1,0.5197295,0.041148394,0.1682420372962951,0.7654831409454346,0.0020408553536981,0.0642339959740638,1,1,0.76548314,0.5972411,hands,0,0,0,0.24575365,0.55609274,1.0476000308990479
pose_guided,task_region_scalar_gated_late,gA_5_s1_2019-03-08T10;57;00+01;00__masked__dist__00008,gA_5_s1_2019-03-08T10;57;00+01;00__masked__dist__00008,test_masked,hands,clip,2,0.6378574371337891,0.2410284578800201,0.1154335588216781,0.00568054523319,0,0,0.11543356,0.39682898,0.1878581941127777,0.1409787833690643,0.2538904249668121,0.4172726273536682,3,0,0.25389042,0.1633822,hands,0,0,1,0.13845687,-0.23344678,1.043466955423355
pose_guided,task_region_scalar_gated_late,gF_25_s2_2019-03-05T11;00;55+01;00__masked__dist__00139,gF_25_s2_2019-03-05T11;00;55+01;00__masked__dist__00139,test_masked,hands,clip,1,6.33458694210276e-05,0.7028461694717407,8.302005880977958e-05,0.2970074117183685,1,1,0.70284617,0.40583876,0.0006776791997253,0.9626046419143676,0.0010721556609496,0.0356454849243164,1,1,0.96260464,0.92695916,hands,0,0,0,0.25975847,0.5211204,1.0406373739242554
pose_guided,task_region_scalar_gated_late,gC_13_s6_2019-03-04T10;06;53+01;00__masked__gaze__00009,gC_13_s6_2019-03-04T10;06;53+01;00__masked__gaze__00009,test_masked,hands,clip,1,0.5146730542182922,0.0309692826122045,0.016825096681714,0.4375326335430145,0,0,0.030969283,0.07714042,0.4315183460712433,0.0333463698625564,0.0050122160464525,0.5301231145858765,3,0,0.03334637,0.09860477,hands,0,0,1,0.0023770873,0.021464348,1.0262185223400593
pose_guided,task_region_scalar_gated_late,gE_30_s2_2019-03-15T10;43;40+01;00__masked__dist__00294,gE_30_s2_2019-03-15T10;43;40+01;00__masked__dist__00294,test_masked,hands,clip,2,0.4735229909420013,0.0072680604644119,0.4782412946224212,0.0409676693379879,2,1,0.4782413,0.0047183037,0.1708443313837051,0.0008420520462095,0.7185466289520264,0.1097670495510101,2,1,0.7185466,0.5477023,hands,0,0,0,0.24030533,0.542984,1.0235946774482727
pose_guided,task_region_scalar_gated_late,gC_13_s6_2019-03-04T10;06;53+01;00__masked__gaze__00056,gC_13_s6_2019-03-04T10;06;53+01;00__masked__gaze__00056,test_masked,hands,clip,1,0.1726772636175155,0.1552121043205261,0.4187999963760376,0.2533106207847595,2,0,0.1552121,0.16548938,0.2041477411985397,0.0546219572424888,0.1582686901092529,0.5829616189002991,3,0,0.054621957,0.37881386,hands,0,0,1,-0.10059015,0.21332449,1.0121441930532455
pose_guided,task_region_scalar_gated_late,gC_13_s2_2019-03-04T10;11;37+01;00__masked__dist__00065,gC_13_s2_2019-03-04T10;11;37+01;00__masked__dist__00065,test_masked,hands,clip,1,0.0845643728971481,0.399690717458725,0.0865180194377899,0.4292269051074981,3,0,0.39969072,0.029536188,0.5712370872497559,0.2607897520065307,0.0610899627208709,0.1068831831216812,0,0,0.26078975,0.31044734,hands,0,0,1,-0.13890097,0.28091115,1.0031092166900635
pose_guided,task_region_scalar_gated_late,gB_10_s2_2019-03-11T15;15;21+01;00__masked__dist__00375,gB_10_s2_2019-03-11T15;15;21+01;00__masked__dist__00375,test_masked,hands,clip,0,0.653672456741333,0.3082929849624634,0.003559143282473,0.0344754457473754,0,1,0.65367246,0.34537947,0.9116625785827636,0.0052704056724905,0.0025472361594438,0.080519825220108,0,1,0.9116626,0.8311428,hands,0,0,0,0.25799012,0.4857633,1.0017435550689697
pose_guided,task_region_scalar_gated_late,gZ_36_s4_2019-04-03T15;01;29+02;00__masked__dist__00344,gZ_36_s4_2019-04-03T15;01;29+02;00__masked__dist__00344,test_masked,hands,clip,2,0.2639098465442657,0.0013264375738799,0.7325882911682129,0.0021754344925284,2,1,0.7325883,0.46867844,0.0143380649387836,0.0007162441033869,0.9718021750450134,0.0131435301154851,2,1,0.9718022,0.9574641,hands,0,0,0,0.23921388,0.48878565,0.9672134220600128
pose_guided,task_region_scalar_gated_late,gC_13_s6_2019-03-04T10;06;53+01;00__masked__gaze__00013,gC_13_s6_2019-03-04T10;06;53+01;00__masked__gaze__00013,test_masked,hands,clip,1,0.4993541240692138,0.0333391092717647,0.0150942979380488,0.4522125124931335,0,0,0.03333911,0.04714161,0.476879745721817,0.0377644076943397,0.0050948066636919,0.4802610278129577,3,0,0.037764408,0.003381282,hands,0,0,1,0.0044252984,-0.04376033,0.9650902673602104
pose_guided,task_region_scalar_gated_late,gC_13_s2_2019-03-04T10;11;37+01;00__masked__dist__00163,gC_13_s2_2019-03-04T10;11;37+01;00__masked__dist__00163,test_masked,hands,clip,1,0.0002678298333194,0.722159743309021,7.231647032313049e-05,0.2775001227855682,1,1,0.72215974,0.44465962,0.0002547104377299,0.962180495262146,0.0014322004280984,0.0361325815320014,1,1,0.9621805,0.9260479,hands,0,0,0,0.24002075,0.4813883,0.9614298045635223
pose_guided,task_region_scalar_gated_late,gB_10_s3_2019-03-13T14;22;40+01;00__masked__dist__00006,gB_10_s3_2019-03-13T14;22;40+01;00__masked__dist__00006,test_masked,hands,clip,0,0.1408352106809616,0.2832479476928711,0.0140755577012896,0.5618412494659424,3,0,0.14083521,0.2785933,0.2310569286346435,0.375895082950592,0.0674988329410553,0.3255491554737091,1,0,0.23105693,0.050345927,hands,0,0,1,0.09022172,-0.22824737,0.9521960616111755
pose_guided,task_region_scalar_gated_late,gZ_33_s1_2019-04-08T10;08;19+02;00__masked__dist__00114,gZ_33_s1_2019-04-08T10;08;19+02;00__masked__dist__00114,test_masked,hands,clip,0,0.3641668260097503,0.0015029889764264,0.6272969245910645,0.0070332973264157,2,0,0.36416683,0.2631301,0.0843585431575775,0.0019909366965293,0.0562282316386699,0.8574223518371582,3,0,0.08435854,0.7730638,hands,0,0,1,-0.27980828,0.5099337,0.9503171443939209
pose_guided,task_region_scalar_gated_late,gZ_36_s2_2019-04-09T10;39;38+02;00__masked__dist__00204,gZ_36_s2_2019-04-09T10;39;38+02;00__masked__dist__00204,test_masked,hands,clip,0,0.7421630024909973,0.00025663850829,0.2541433274745941,0.0034370366483926,0,1,0.742163,0.48801968,0.9776917695999146,0.0014701862819492,0.018978064879775,0.0018599699251353,0,1,0.97769177,0.9587137,hands,0,0,0,0.23552877,0.47069404,0.9417515695095062
pose_guided,task_region_scalar_gated_late,gC_13_s6_2019-03-04T10;06;53+01;00__masked__gaze__00057,gC_13_s6_2019-03-04T10;06;53+01;00__masked__gaze__00057,test_masked,hands,clip,1,0.1538906097412109,0.057629182934761,0.5884765386581421,0.2000036835670471,2,0,0.057629183,0.38847286,0.2322381436824798,0.0394103191792964,0.1339970529079437,0.594354510307312,3,0,0.03941032,0.36211637,hands,0,0,1,-0.018218864,-0.026356488,0.9372057840228081
pose_guided,task_region_scalar_gated_late,gZ_33_s1_2019-04-08T16;18;54+02;00__masked__dist__00041,gZ_33_s1_2019-04-08T16;18;54+02;00__masked__dist__00041,test_masked,hands,clip,2,0.962626338005066,0.0011535111116245,0.0357505232095718,0.0004696167889051,0,0,0.035750523,0.9268758,0.0652661621570587,0.0016996514750644,0.4576402604579925,0.4753939509391784,3,0,0.45764026,0.01775369,hands,0,0,1,0.42188972,-0.9091221,0.9346573352813721
pose_guided,task_region_scalar_gated_late,gA_5_s2_2019-03-08T10;46;46+01;00__masked__dist__00335,gA_5_s2_2019-03-08T10;46;46+01;00__masked__dist__00335,test_masked,hands,clip,0,0.5649189352989197,1.132185661845142e-05,0.4350267648696899,4.291646837373264e-05,0,1,0.56491894,0.12989217,0.7925033569335938,0.0033368826843798,0.1939363032579422,0.0102234184741973,0,1,0.79250336,0.59856707,hands,0,0,0,0.22758442,0.4686749,0.9238437414169312
pose_guided,task_region_scalar_gated_late,gZ_33_s2_2019-04-08T09;59;25+02;00__masked__dist__00066,gZ_33_s2_2019-04-08T09;59;25+02;00__masked__dist__00066,test_masked,hands,clip,1,4.766552228829824e-05,0.7625794410705566,0.0002100400888593,0.2371627688407898,1,1,0.76257944,0.5254167,0.0012902249582111,0.9930639266967772,4.089611320523545e-05,0.0056049292907118,1,1,0.9930639,0.987459,hands,0,0,0,0.23048449,0.46204233,0.923011302947998
pose_guided,task_region_scalar_gated_late,gB_10_s3_2019-03-12T10;40;46+01;00__masked__dist__00002,gB_10_s3_2019-03-12T10;40;46+01;00__masked__dist__00002,test_masked,hands,clip,0,0.6941207647323608,0.1387619972229004,0.0026837214827537,0.1644335389137268,0,1,0.69412076,0.5296872,0.9564806222915648,0.0036411124747246,0.0046124495565891,0.0352658070623874,0,1,0.9564806,0.9212148,hands,0,0,0,0.26235986,0.3915276,0.9162473082542419
pose_guided,task_region_scalar_gated_late,gZ_37_s4_2019-04-03T15;40;42+02;00__masked__dist__00105,gZ_37_s4_2019-04-03T15;40;42+02;00__masked__dist__00105,test_masked,hands,clip,1,0.214903712272644,0.7430287599563599,0.0042403331026434,0.0378271974623203,1,1,0.74302876,0.52812505,0.0086365416646003,0.980305552482605,0.000428071420174,0.0106298364698886,1,1,0.98030555,0.9696757,hands,0,0,0,0.23727679,0.44155067,0.916104257106781
pose_guided,task_region_scalar_gated_late,gZ_33_s1_2019-04-08T10;08;19+02;00__masked__dist__00056,gZ_33_s1_2019-04-08T10;08;19+02;00__masked__dist__00056,test_masked,hands,clip,0,0.1823067963123321,0.0064606042578816,0.8089079856872559,0.0023245862685143,2,0,0.1823068,0.6266012,0.1340337544679641,0.0075251827947795,0.0875583365559578,0.770882785320282,3,0,0.13403375,0.63684905,hands,0,0,1,-0.04827304,0.010247827,0.913701742887497
pose_guided,task_region_scalar_gated_late,gC_13_s6_2019-03-04T10;06;53+01;00__masked__gaze__00060,gC_13_s6_2019-03-04T10;06;53+01;00__masked__gaze__00060,test_masked,hands,clip,1,0.1596609801054,0.0532206259667873,0.6095803380012512,0.1775381118059158,2,0,0.053220626,0.43204224,0.2359133213758468,0.0391795560717582,0.1169599443674087,0.6079472303390503,3,0,0.039179556,0.3720339,hands,0,0,1,-0.01404107,-0.060008347,0.9119095131754875
pose_guided,task_region_scalar_gated_late,gA_5_s2_2019-03-08T10;46;46+01;00__masked__dist__00181,gA_5_s2_2019-03-08T10;46;46+01;00__masked__dist__00181,test_masked,hands,clip,0,0.6394041776657104,0.0423338934779167,0.3179596364498138,0.0003023408353328,0,1,0.6394042,0.32144454,0.8576940298080444,0.0628065392374992,0.0150780351832509,0.0644214004278183,0,1,0.85769403,0.7932726,hands,0,0,0,0.21828985,0.47182807,0.9084077775478363
pose_guided,task_region_scalar_gated_late,gC_13_s4_2019-03-25T10;02;04+01;00__masked__dist__00230,gC_13_s4_2019-03-25T10;02;04+01;00__masked__dist__00230,test_masked,hands,clip,1,0.0077607342973351,0.7238521575927734,0.0129526350647211,0.2554344534873962,1,1,0.72385216,0.4684177,0.0001148878945969,0.9544749855995178,0.0025336376857012,0.0428764671087265,1,1,0.954475,0.9115985,hands,0,0,0,0.23062283,0.4431808,0.9044264554977417
pose_guided,task_region_scalar_gated_late,gA_5_s1_2019-03-08T10;57;00+01;00__masked__dist__00010,gA_5_s1_2019-03-08T10;57;00+01;00__masked__dist__00010,test_masked,hands,clip,0,0.7471842765808105,0.0032079615630209,0.2441493272781372,0.0054584122262895,0,1,0.7471843,0.50303495,0.971092700958252,0.0144877713173627,0.0091905379667878,0.0052290200255811,0,1,0.9710927,0.95660496,hands,0,0,0,0.22390842,0.45357,0.9013868570327759
pose_guided,task_region_scalar_gated_late,gC_13_s3_2019-03-12T10;06;34+01;00__masked__dist__00002,gC_13_s3_2019-03-12T10;06;34+01;00__masked__dist__00002,test_masked,hands,clip,0,0.0001793348055798,0.9997637271881104,3.24225657095667e-05,2.454742570989765e-05,1,0,0.0001793348,0.9995844,0.0852580070495605,0.0320023447275161,0.8099473714828491,0.0727922692894935,2,0,0.08525801,0.72468936,hands,0,0,1,0.08507867,-0.274895,0.8952623307704926
pose_guided,task_region_scalar_gated_late,gZ_37_s4_2019-04-03T15;40;42+02;00__masked__dist__00046,gZ_37_s4_2019-04-03T15;40;42+02;00__masked__dist__00046,test_masked,hands,clip,1,0.0027832258492708,0.7713819742202759,0.0038580079562962,0.2219767570495605,1,1,0.771382,0.5494052,0.0005735564627684,0.9962795376777648,5.759682971984148e-05,0.0030893268994987,1,1,0.99627954,0.9931902,hands,0,0,0,0.22489756,0.443785,0.8935801386833191
pose_guided,task_region_scalar_gated_late,gZ_37_s4_2019-04-03T15;40;42+02;00__masked__dist__00391,gZ_37_s4_2019-04-03T15;40;42+02;00__masked__dist__00391,test_masked,hands,clip,2,0.5792999267578125,0.3566776216030121,0.0615889504551887,0.0024334699846804,0,0,0.06158895,0.2226223,0.3651421964168548,0.5284876823425293,0.0371892005205154,0.069180890917778,1,0,0.0371892,0.16334549,hands,0,0,1,-0.02439975,-0.05927682,0.8919236809015274
pose_guided,task_region_scalar_gated_late,gC_13_s6_2019-03-04T10;06;53+01;00__masked__gaze__00062,gC_13_s6_2019-03-04T10;06;53+01;00__masked__gaze__00062,test_masked,hands,clip,1,0.1660682260990142,0.0828032493591308,0.5502688884735107,0.2008596509695053,2,0,0.08280325,0.34940922,0.2533784508705139,0.0463655367493629,0.1336344480514526,0.5666215419769287,3,0,0.046365537,0.3132431,hands,0,0,1,-0.036437713,-0.03616613,0.8909584432840347
pose_guided,task_region_scalar_gated_late,gZ_33_s1_2019-04-08T16;18;54+02;00__masked__dist__00042,gZ_33_s1_2019-04-08T16;18;54+02;00__masked__dist__00042,test_masked,hands,clip,2,0.9798417091369628,0.0010017756139859,0.0175654105842113,0.0015910273650661,0,0,0.01756541,0.9622763,0.1168377995491027,0.0021796296350657,0.3387369513511657,0.542245626449585,3,0,0.33873695,0.20350868,hands,0,0,1,0.32117155,-0.7587676,0.8835754990577698
pose_guided,task_region_scalar_gated_late,gZ_36_s1_2019-04-09T10;55;20+02;00__masked__dist__00004,gZ_36_s1_2019-04-09T10;55;20+02;00__masked__dist__00004,test_masked,hands,clip,1,0.0241117291152477,0.2320316731929779,0.7303915023803711,0.0134651102125644,2,0,0.23203167,0.49835983,0.0686913877725601,0.3953236937522888,0.0855458974838256,0.4504390954971313,3,0,0.3953237,0.0551154,hands,0,0,1,0.16329202,-0.44324443,0.8833396136760712
pose_guided,task_region_scalar_gated_late,gB_10_s2_2019-03-11T15;15;21+01;00__masked__dist__00184,gB_10_s2_2019-03-11T15;15;21+01;00__masked__dist__00184,test_masked,hands,clip,0,0.0075018685311079,0.9026167392730712,0.0011782516958191,0.0887031704187393,1,0,0.0075018685,0.8139136,0.0083035035058856,0.1567140519618988,0.0067355334758758,0.8282468914985657,3,0,0.0083035035,0.67153287,hands,0,0,1,0.000801635,-0.14238071,0.8592225555330515
pose_guided,task_region_scalar_gated_late,gZ_33_s3_2019-04-04T09;33;20+02;00__masked__dist__00026,gZ_33_s3_2019-04-04T09;33;20+02;00__masked__dist__00026,test_masked,hands,clip,0,0.6441982984542847,0.0018255909672006,0.3413722515106201,0.0126038566231727,0,1,0.6441983,0.30282605,0.8489553928375244,0.0099537996575236,0.0442535728216171,0.0968372598290443,0,1,0.8489554,0.7521181,hands,0,0,0,0.2047571,0.44929206,0.8588062524795532
pose_guided,task_region_scalar_gated_late,gB_10_s2_2019-03-11T15;15;21+01;00__masked__dist__00123,gB_10_s2_2019-03-11T15;15;21+01;00__masked__dist__00123,test_masked,hands,clip,1,0.1417810618877411,0.1053559035062789,0.7415497303009033,0.0113133173435926,2,0,0.1053559,0.59976864,0.5832700133323669,0.1412333697080612,0.0752081871032714,0.2002884149551391,0,0,0.14123337,0.3829816,hands,0,0,1,0.035877466,-0.21678704,0.8549678921699524
pose_guided,task_region_scalar_gated_late,gC_12_s2_2019-03-13T10;14;41+01;00__masked__dist__00158,gC_12_s2_2019-03-13T10;14;41+01;00__masked__dist__00158,test_masked,hands,clip,1,0.0023326100781559,0.7459951639175415,0.0001527482672827,0.2515194714069366,1,1,0.74599516,0.4944757,0.0005530401831492,0.959070324897766,0.000935070507694,0.039441592991352,1,1,0.9590703,0.91962874,hands,0,0,0,0.21307516,0.42515305,0.851303368806839
pose_guided,task_region_scalar_gated_late,gZ_37_s4_2019-04-03T15;40;42+02;00__masked__dist__00061,gZ_37_s4_2019-04-03T15;40;42+02;00__masked__dist__00061,test_masked,hands,clip,1,0.0015023634769022,0.7808560729026794,0.0098051642999053,0.2078364193439483,1,1,0.7808561,0.5730196,0.0008121352875605,0.995948314666748,4.1073399188462645e-05,0.0031984869856387,1,1,0.9959483,0.9927498,hands,0,0,0,0.21509224,0.4197302,0.8499146699905396
pose_guided,task_region_scalar_gated_late,gZ_33_s2_2019-04-08T09;59;25+02;00__masked__dist__00226,gZ_33_s2_2019-04-08T09;59;25+02;00__masked__dist__00226,test_masked,hands,clip,1,0.0004414336581248,0.7532537579536438,6.072184623917565e-05,0.2462441027164459,1,1,0.75325376,0.5070096,9.760549437487498e-05,0.9648556113243104,0.0014928104355931,0.0335539691150188,1,1,0.9648556,0.93130165,hands,0,0,0,0.21160185,0.42429203,0.8474957346916199
pose_guided,task_region_scalar_gated_late,gC_13_s4_2019-03-25T10;02;04+01;00__masked__dist__00286,gC_13_s4_2019-03-25T10;02;04+01;00__masked__dist__00286,test_masked,hands,clip,1,0.1588475853204727,0.6979081034660339,0.073166973888874,0.0700773671269416,1,1,0.6979081,0.53906053,0.0371774137020111,0.9390659332275392,0.0014474887866526,0.02230916172266,1,1,0.93906593,0.9018885,hands,0,0,0,0.24115783,0.36282796,0.8451436161994934
pose_guided,task_region_scalar_gated_late,gA_5_s3_2019-03-13T09;10;35+01;00__masked__dist__00005,gA_5_s3_2019-03-13T09;10;35+01;00__masked__dist__00005,test_masked,hands,clip,0,0.7415419816970825,0.0001033967055263,0.2577516436576843,0.0006029342766851,0,1,0.741542,0.48379034,0.9473147392272948,0.0011394089087843,0.0489266961812973,0.0026191885117441,0,1,0.94731474,0.898388,hands,0,0,0,0.20577276,0.4145977,0.826143205165863
pose_guided,task_region_scalar_gated_late,gZ_37_s4_2019-04-03T15;40;42+02;00__masked__dist__00170,gZ_37_s4_2019-04-03T15;40;42+02;00__masked__dist__00170,test_masked,hands,clip,1,0.0184685587882995,0.7741799354553223,0.1583236157894134,0.0490279421210289,1,1,0.77417994,0.6158563,0.0018600458279252,0.9968210458755492,8.37791412777733e-06,0.001310521736741,1,1,0.99682105,0.994961,hands,0,0,0,0.22264111,0.37910473,0.8243869543075562
pose_guided,task_region_scalar_gated_late,gZ_33_s2_2019-04-08T16;09;44+02;00__masked__dist__00169,gZ_33_s2_2019-04-08T16;09;44+02;00__masked__dist__00169,test_masked,hands,clip,1,0.198447048664093,0.0243773255497217,0.7752073407173157,0.0019683067221194,2,0,0.024377326,0.5767603,0.2675074934959411,0.0057570524513721,0.0329073555767536,0.6938281059265137,3,0,0.0057570525,0.4263206,hands,0,0,1,-0.018620273,-0.15043968,0.8123197741806507
pose_guided,task_region_scalar_gated_late,gC_12_s2_2019-03-13T10;14;41+01;00__masked__dist__00074,gC_12_s2_2019-03-13T10;14;41+01;00__masked__dist__00074,test_masked,hands,clip,1,0.378752052783966,0.6176186203956604,0.0006589927943423,0.0029703448526561,1,1,0.6176186,0.23886657,0.1770107448101043,0.82080078125,0.0001218467223225,0.0020666220225393,1,1,0.8208008,0.64379,hands,0,0,0,0.20318216,0.40492344,0.8112877607345581
pose_guided,task_region_scalar_gated_late,gC_13_s6_2019-03-25T10;12;22+01;00__masked__gaze__00065,gC_13_s6_2019-03-25T10;12;22+01;00__masked__gaze__00065,test_masked,hands,clip,1,0.0476888045668602,0.0098161678761243,0.8417786359786987,0.1007162928581237,2,0,0.009816168,0.74106234,0.0371134728193283,0.0262020491063594,0.2089614868164062,0.7277230024337769,3,0,0.02620205,0.5187615,hands,0,0,1,0.016385881,-0.22230083,0.8104709349572659
pose_guided,task_region_scalar_gated_late,gC_12_s1_2019-03-13T10;23;45+01;00__masked__dist__00095,gC_12_s1_2019-03-13T10;23;45+01;00__masked__dist__00095,test_masked,hands,clip,0,0.5080147385597229,0.1954498887062072,0.0569108426570892,0.2396244704723358,0,1,0.50801474,0.26839027,0.7383924126625061,0.1258762627840042,0.0325987301766872,0.1031325906515121,0,1,0.7383924,0.61251616,hands,0,0,0,0.23037767,0.3441259,0.8048812448978424
pose_guided,task_region_scalar_gated_late,gC_13_s6_2019-03-25T10;12;22+01;00__masked__gaze__00066,gC_13_s6_2019-03-25T10;12;22+01;00__masked__gaze__00066,test_masked,hands,clip,1,0.0418780371546745,0.0167730599641799,0.8551273345947266,0.0862215608358383,2,0,0.01677306,0.76890576,0.0649914517998695,0.0205124095082283,0.1753267496824264,0.7391693592071533,3,0,0.02051241,0.5638426,hands,0,0,1,0.0037393495,-0.20506316,0.8024155348539352
pose_guided,task_region_scalar_gated_late,gZ_33_s1_2019-04-08T10;08;19+02;00__masked__dist__00017,gZ_33_s1_2019-04-08T10;08;19+02;00__masked__dist__00017,test_masked,hands,clip,0,0.292726457118988,0.0062870979309082,0.6815906763076782,0.0193957574665546,2,0,0.29272646,0.38886422,0.1388309597969055,0.0014758117031306,0.1817571818828582,0.6779360771179199,3,0,0.13883096,0.4961789,hands,0,0,1,-0.1538955,0.107314676,0.7995236814022064
pose_guided,task_region_scalar_gated_late,gA_5_s2_2019-03-08T10;46;46+01;00__masked__dist__00125,gA_5_s2_2019-03-08T10;46;46+01;00__masked__dist__00125,test_masked,hands,clip,1,0.2884849309921264,0.2450904846191406,0.0509685054421424,0.4154560565948486,3,0,0.24509048,0.12697113,0.5359125137329102,0.0586003586649894,0.2446799427270889,0.1608071774244308,0,0,0.05860036,0.2912326,hands,0,0,1,-0.18649012,0.16426146,0.7912812232971191
pose_guided,task_region_scalar_gated_late,gZ_37_s4_2019-04-03T15;40;42+02;00__masked__dist__00067,gZ_37_s4_2019-04-03T15;40;42+02;00__masked__dist__00067,test_masked,hands,clip,1,0.0014393436722457,0.797214686870575,0.003049005754292,0.1982969939708709,1,1,0.7972147,0.5989177,0.0010911900317296,0.994077205657959,0.0001869977859314,0.0046446975320577,1,1,0.9940772,0.9894325,hands,0,0,0,0.19686252,0.3905148,0.7842398285865784
pose_guided,task_region_scalar_gated_late,gC_13_s4_2019-03-25T10;02;04+01;00__masked__dist__00149,gC_13_s4_2019-03-25T10;02;04+01;00__masked__dist__00149,test_masked,hands,clip,1,0.0071175401099026,0.7985877990722656,0.0064412960782647,0.1878533512353897,1,1,0.7985878,0.61073446,4.987065403838642e-05,0.9966385364532472,3.769727481994778e-05,0.0032739015296101,1,1,0.99663854,0.99336463,hands,0,0,0,0.19805074,0.38263017,0.778731644153595
pose_guided,task_region_scalar_gated_late,gZ_33_s2_2019-04-08T09;59;25+02;00__masked__dist__00314,gZ_33_s2_2019-04-08T09;59;25+02;00__masked__dist__00314,test_masked,hands,clip,2,0.5266953110694885,0.0008006843854673,0.4693597853183746,0.0031442556064575,0,0,0.4693598,0.057335526,0.225399911403656,0.0021005901508033,0.2632742524147033,0.5092252492904663,3,0,0.26327425,0.245951,hands,0,0,1,-0.20608553,0.18861547,0.7764444053173065
pose_guided,task_region_scalar_gated_late,gC_13_s2_2019-03-04T10;11;37+01;00__masked__dist__00018,gC_13_s2_2019-03-04T10;11;37+01;00__masked__dist__00018,test_masked,hands,clip,1,0.0424047447741031,0.7735504508018494,0.0518767572939395,0.1321680247783661,1,1,0.77355045,0.64138246,0.0031172130256891,0.9903775453567504,0.0001027553153107,0.0064024766907095,1,1,0.99037755,0.98397505,hands,0,0,0,0.2168271,0.3425926,0.7762467861175537
